Clearing cached SAC2C configuration...
Creating SAC2C configuration for new compiler...
SAC2C configuration created successfully
Prelude path: /home/rhensen/sac2c/build_p/runtime_build/src/runtime_libraries-build/lib/prelude
Configuration files:
total 21
drwxrwxr-x  2 rhensen rhensen   4 Dec 16 13:23 .
drwxr-x--- 43 rhensen rhensen  55 Dec 16 13:23 ..
-rw-rw-r--  1 rhensen rhensen 499 Dec 16 13:23 sac2crc.debug.prelude
-rw-rw-r--  1 rhensen rhensen 499 Dec 16 13:23 sac2crc.release.prelude
========================================
Stdlib Compilation Benchmark
========================================
Compiler: new
Run: 28
Job ID: 7985003
Node: cn132
Temp Build Dir: /home/rhensen/tmp_stdlib_build_new_28_7985003
SAC2C: /home/rhensen/sac2c/build_p/sac2c_p
Stdlib Source: /home/rhensen/Stdlib
Build Targets: seq;mt_pth
Build System: make
CPUs: 4
========================================

Verifying compiler:
sac2c 2.0.0-Tintigny-277-g117a2-dirty
build-type: RELEASE
built-by: "rhensen" at 2025-11-11T18:30:41

Environment isolation:
  SAC2CBASE: /home/rhensen/sac2c/build_p
  Compiler dir: /home/rhensen/sac2c/build_p
  LD_LIBRARY_PATH (first 2 entries):
    /home/rhensen/sac2c/build_p/runtime_build/src/runtime_libraries-build/lib
    /home/rhensen/sac2c/build_p/runtime_build/src/runtime_libraries-build/lib/prelude
  Prelude library check:
    /home/rhensen/sac2c/build_p/runtime_build/.../prelude/.../libsacprelude_pTree.so: EXISTS

Creating temporary build directory...
Starting clean build...

Running CMake configuration...
-- The C compiler identification is GNU 11.4.0
-- The CXX compiler identification is GNU 11.4.0
-- Detecting C compiler ABI info
-- Detecting C compiler ABI info - done
-- Check for working C compiler: /usr/bin/cc - skipped
-- Detecting C compile features
-- Detecting C compile features - done
-- Detecting CXX compiler ABI info
-- Detecting CXX compiler ABI info - done
-- Check for working CXX compiler: /usr/bin/c++ - skipped
-- Detecting CXX compile features
-- Detecting CXX compile features - done
-- Found Git: /usr/bin/git (found version "2.34.1") 
-- Found BISON: /usr/bin/bison (found version "3.8.2") 
-- Found FLEX: /usr/bin/flex (found version "2.6.4") 
-- Checking if sac2c supports flag "-Xp"
-- Checking if sac2c supports flag "-Xp" - found
-- Target `seq' build properties: host seq .so .o .so
-- Computing dependencies for `numerical/Math.sac'
-- Computing dependencies for `numerical/MathArray.sac'
-- Computing dependencies for `numerical/Numerical.sac'
-- Computing dependencies for `random/Xoshiro.sac'
-- Computing dependencies for `stdio/BinFile.sac'
-- Computing dependencies for `stdio/File.sac'
-- Computing dependencies for `stdio/IOresources.sac'
-- Computing dependencies for `stdio/StdIO.sac'
-- Computing dependencies for `stdio/TermFile.sac'
-- Computing dependencies for `structures/Array.sac'
-- Computing dependencies for `structures/ArrayFormat.sac'
-- Computing dependencies for `structures/Char.sac'
-- Computing dependencies for `structures/Constants.sac'
-- Computing dependencies for `structures/String.sac'
-- Computing dependencies for `structures/Structures.sac'
-- Computing dependencies for `system/Clock.sac'
-- Computing dependencies for `system/CommandLine.sac'
-- Computing dependencies for `system/Dir.sac'
-- Computing dependencies for `system/Environment.sac'
-- Computing dependencies for `system/FileSystem.sac'
-- Computing dependencies for `system/GetOpt.sac'
-- Computing dependencies for `system/MTClock.sac'
-- Computing dependencies for `system/Process.sac'
-- Computing dependencies for `system/RTClock.sac'
-- Computing dependencies for `system/RTimer.sac'
-- Computing dependencies for `system/RuntimeError.sac'
-- Computing dependencies for `system/SysErr.sac'
-- Computing dependencies for `system/System.sac'
-- Computing dependencies for `system/Terminal.sac'
-- Computing dependencies for `system/TimeStamp.sac'
-- Computing dependencies for `system/World.sac'
-- Computing dependencies for `auxiliary/Benchmarking.sac'
-- Computing dependencies for `auxiliary/Interval.sac'
-- Computing dependencies for `numerical/ComplexMath.sac'
-- Computing dependencies for `stdio/ComplexIO.sac'
-- Computing dependencies for `stdio/FibreIO.sac'
-- Computing dependencies for `stdio/ListIO.sac'
-- Computing dependencies for `structures/Color8.sac'
-- Computing dependencies for `structures/Complex.sac'
-- Computing dependencies for `structures/ComplexBasics.sac'
-- Computing dependencies for `structures/ComplexScalarArith.sac'
-- Computing dependencies for `structures/List.sac'
-- Computing dependencies for `structures/StringArray.sac'
-- Computing dependencies for `utrace/Indent.sac'
-- Computing dependencies for `utrace/UTrace.sac'
-- Computing dependencies for `stdio/ArrayIO.xsac'
-- Computing dependencies for `stdio/ScalarIO.xsac'
-- Computing dependencies for `structures/ArrayArith.xsac'
-- Computing dependencies for `structures/ArrayBasics.xsac'
-- Computing dependencies for `structures/ArrayReduce.xsac'
-- Computing dependencies for `structures/ArrayTransform.xsac'
-- Computing dependencies for `structures/ScalarArith.xsac'
-- Computing dependencies for `auxiliary/Hiding.xsac'
-- Computing dependencies for `structures/ArrayTransformApl.xsac'
-- Computing dependencies for `structures/ComplexArrayArith.xsac'
-- Computing dependencies for `structures/ComplexArrayBasics.xsac'
-- Computing dependencies for `structures/ComplexArrayTransform.xsac'
-- Computing dependencies for `structures/Quaternion.xsac'
-- Checking if sac2c supports flag "-Xp"
-- Checking if sac2c supports flag "-Xp" - found
-- Target `mt_pth' build properties: host mt-pth .so .o .so
-- Computing dependencies for `numerical/Math.sac'
-- Computing dependencies for `numerical/MathArray.sac'
-- Computing dependencies for `numerical/Numerical.sac'
-- Computing dependencies for `random/Xoshiro.sac'
-- Computing dependencies for `stdio/BinFile.sac'
-- Computing dependencies for `stdio/File.sac'
-- Computing dependencies for `stdio/IOresources.sac'
-- Computing dependencies for `stdio/StdIO.sac'
-- Computing dependencies for `stdio/TermFile.sac'
-- Computing dependencies for `structures/Array.sac'
-- Computing dependencies for `structures/ArrayFormat.sac'
-- Computing dependencies for `structures/Char.sac'
-- Computing dependencies for `structures/Constants.sac'
-- Computing dependencies for `structures/String.sac'
-- Computing dependencies for `structures/Structures.sac'
-- Computing dependencies for `system/Clock.sac'
-- Computing dependencies for `system/CommandLine.sac'
-- Computing dependencies for `system/Dir.sac'
-- Computing dependencies for `system/Environment.sac'
-- Computing dependencies for `system/FileSystem.sac'
-- Computing dependencies for `system/GetOpt.sac'
-- Computing dependencies for `system/MTClock.sac'
-- Computing dependencies for `system/Process.sac'
-- Computing dependencies for `system/RTClock.sac'
-- Computing dependencies for `system/RTimer.sac'
-- Computing dependencies for `system/RuntimeError.sac'
-- Computing dependencies for `system/SysErr.sac'
-- Computing dependencies for `system/System.sac'
-- Computing dependencies for `system/Terminal.sac'
-- Computing dependencies for `system/TimeStamp.sac'
-- Computing dependencies for `system/World.sac'
-- Computing dependencies for `auxiliary/Benchmarking.sac'
-- Computing dependencies for `auxiliary/Interval.sac'
-- Computing dependencies for `numerical/ComplexMath.sac'
-- Computing dependencies for `stdio/ComplexIO.sac'
-- Computing dependencies for `stdio/FibreIO.sac'
-- Computing dependencies for `stdio/ListIO.sac'
-- Computing dependencies for `structures/Color8.sac'
-- Computing dependencies for `structures/Complex.sac'
-- Computing dependencies for `structures/ComplexBasics.sac'
-- Computing dependencies for `structures/ComplexScalarArith.sac'
-- Computing dependencies for `structures/List.sac'
-- Computing dependencies for `structures/StringArray.sac'
-- Computing dependencies for `utrace/Indent.sac'
-- Computing dependencies for `utrace/UTrace.sac'
-- Computing dependencies for `stdio/ArrayIO.xsac'
-- Computing dependencies for `stdio/ScalarIO.xsac'
-- Computing dependencies for `structures/ArrayArith.xsac'
-- Computing dependencies for `structures/ArrayBasics.xsac'
-- Computing dependencies for `structures/ArrayReduce.xsac'
-- Computing dependencies for `structures/ArrayTransform.xsac'
-- Computing dependencies for `structures/ScalarArith.xsac'
-- Computing dependencies for `auxiliary/Hiding.xsac'
-- Computing dependencies for `structures/ArrayTransformApl.xsac'
-- Computing dependencies for `structures/ComplexArrayArith.xsac'
-- Computing dependencies for `structures/ComplexArrayBasics.xsac'
-- Computing dependencies for `structures/ComplexArrayTransform.xsac'
-- Computing dependencies for `structures/Quaternion.xsac'
-- Configuring done
-- Generating done
-- Build files have been written to: /home/rhensen/tmp_stdlib_build_new_28_7985003/build

Running Make build...
make[1]: Entering directory '/home/rhensen/tmp_stdlib_build_new_28_7985003/build'
make[2]: Entering directory '/home/rhensen/tmp_stdlib_build_new_28_7985003/build'
make[3]: Entering directory '/home/rhensen/tmp_stdlib_build_new_28_7985003/build'
make[3]: Entering directory '/home/rhensen/tmp_stdlib_build_new_28_7985003/build'
make[3]: Entering directory '/home/rhensen/tmp_stdlib_build_new_28_7985003/build'
make[3]: Entering directory '/home/rhensen/tmp_stdlib_build_new_28_7985003/build'
make[3]: Leaving directory '/home/rhensen/tmp_stdlib_build_new_28_7985003/build'
make[3]: Leaving directory '/home/rhensen/tmp_stdlib_build_new_28_7985003/build'
make[3]: Leaving directory '/home/rhensen/tmp_stdlib_build_new_28_7985003/build'
make[3]: Entering directory '/home/rhensen/tmp_stdlib_build_new_28_7985003/build'
make[3]: Entering directory '/home/rhensen/tmp_stdlib_build_new_28_7985003/build'
make[3]: Entering directory '/home/rhensen/tmp_stdlib_build_new_28_7985003/build'
make[3]: Leaving directory '/home/rhensen/tmp_stdlib_build_new_28_7985003/build'
[  0%] [34m[1mBuilding `Quaternion.sac' from `Quaternion.xsac' for target `seq'[0m
make[3]: Entering directory '/home/rhensen/tmp_stdlib_build_new_28_7985003/build'
[  0%] [34m[1mBuilding `ScalarArith.sac' from `ScalarArith.xsac' for target `seq'[0m
[  0%] [34m[1mCreating package sac2crc file in user's home directory[0m
[  1%] [34m[1mBuilding `ArrayBasics.sac' from `ArrayBasics.xsac' for target `seq'[0m
-- Creating sac2crc package file
[  2%] [34m[1mBuilding module `ScalarArith' for target `seq'[0m
[  2%] [34m[1mBuilding module `Quaternion' for target `seq'[0m
make[3]: Leaving directory '/home/rhensen/tmp_stdlib_build_new_28_7985003/build'
[  2%] Built target create-sac2crc-file
[  2%] [34m[1mBuilding module `ArrayBasics' for target `seq'[0m
make[3]: Entering directory '/home/rhensen/tmp_stdlib_build_new_28_7985003/build'
[35m[1mScanning dependencies of target seq-module-Char[0m
make[3]: Leaving directory '/home/rhensen/tmp_stdlib_build_new_28_7985003/build'
make[3]: Entering directory '/home/rhensen/tmp_stdlib_build_new_28_7985003/build'
[  2%] [34m[1mGenerating /home/rhensen/tmp_stdlib_build_new_28_7985003/build/src-seq/structures/src/Char/ctype.o for target `seq'[0m
[  2%] [34m[1mBuilding module `Char' for target `seq'[0m
make[3]: Leaving directory '/home/rhensen/tmp_stdlib_build_new_28_7985003/build'
[  2%] Built target seq-module-Char
make[3]: Entering directory '/home/rhensen/tmp_stdlib_build_new_28_7985003/build'
[35m[1mScanning dependencies of target seq-module-World[0m
make[3]: Leaving directory '/home/rhensen/tmp_stdlib_build_new_28_7985003/build'
make[3]: Entering directory '/home/rhensen/tmp_stdlib_build_new_28_7985003/build'
[  2%] [34m[1mGenerating /home/rhensen/tmp_stdlib_build_new_28_7985003/build/src-seq/system/src/World/World.o for target `seq'[0m
[  2%] [34m[1mBuilding module `World' for target `seq'[0m
make[3]: Leaving directory '/home/rhensen/tmp_stdlib_build_new_28_7985003/build'
[  2%] Built target seq-module-World
make[3]: Entering directory '/home/rhensen/tmp_stdlib_build_new_28_7985003/build'
make[3]: Leaving directory '/home/rhensen/tmp_stdlib_build_new_28_7985003/build'
make[3]: Entering directory '/home/rhensen/tmp_stdlib_build_new_28_7985003/build'
[  2%] [34m[1mBuilding `ArrayArith.sac' from `ArrayArith.xsac' for target `seq'[0m
[  2%] [34m[1mBuilding module `ArrayArith' for target `seq'[0m
make[3]: Leaving directory '/home/rhensen/tmp_stdlib_build_new_28_7985003/build'
[  2%] Built target seq-module-ScalarArith
make[3]: Entering directory '/home/rhensen/tmp_stdlib_build_new_28_7985003/build'
[35m[1mScanning dependencies of target seq-module-Constants[0m
make[3]: Leaving directory '/home/rhensen/tmp_stdlib_build_new_28_7985003/build'
make[3]: Entering directory '/home/rhensen/tmp_stdlib_build_new_28_7985003/build'
[  2%] [34m[1mGenerating /home/rhensen/tmp_stdlib_build_new_28_7985003/build/src-seq/structures/src/Constants/epidouble.o for target `seq'[0m
[  3%] [34m[1mGenerating /home/rhensen/tmp_stdlib_build_new_28_7985003/build/src-seq/structures/src/Constants/maxdouble.o for target `seq'[0m
[  3%] [34m[1mGenerating /home/rhensen/tmp_stdlib_build_new_28_7985003/build/src-seq/structures/src/Constants/maxfloat.o for target `seq'[0m
[  3%] [34m[1mGenerating /home/rhensen/tmp_stdlib_build_new_28_7985003/build/src-seq/structures/src/Constants/maxint.o for target `seq'[0m
[  3%] [34m[1mGenerating /home/rhensen/tmp_stdlib_build_new_28_7985003/build/src-seq/structures/src/Constants/mindouble.o for target `seq'[0m
[  3%] [34m[1mGenerating /home/rhensen/tmp_stdlib_build_new_28_7985003/build/src-seq/structures/src/Constants/minfloat.o for target `seq'[0m
[  4%] [34m[1mGenerating /home/rhensen/tmp_stdlib_build_new_28_7985003/build/src-seq/structures/src/Constants/minint.o for target `seq'[0m
[  4%] [34m[1mGenerating /home/rhensen/tmp_stdlib_build_new_28_7985003/build/src-seq/structures/src/Constants/minmax.o for target `seq'[0m
[  4%] [34m[1mGenerating /home/rhensen/tmp_stdlib_build_new_28_7985003/build/src-seq/structures/src/Constants/randmax.o for target `seq'[0m
[  4%] [34m[1mGenerating /home/rhensen/tmp_stdlib_build_new_28_7985003/build/src-seq/structures/src/Constants/tinydouble.o for target `seq'[0m
[  4%] [34m[1mBuilding module `Constants' for target `seq'[0m
make[3]: Leaving directory '/home/rhensen/tmp_stdlib_build_new_28_7985003/build'
[  4%] Built target seq-module-Constants
make[3]: Entering directory '/home/rhensen/tmp_stdlib_build_new_28_7985003/build'
[35m[1mScanning dependencies of target seq-module-List[0m
make[3]: Leaving directory '/home/rhensen/tmp_stdlib_build_new_28_7985003/build'
make[3]: Entering directory '/home/rhensen/tmp_stdlib_build_new_28_7985003/build'
[  4%] [34m[1mGenerating /home/rhensen/tmp_stdlib_build_new_28_7985003/build/src-seq/structures/src/List/append.o for target `seq'[0m
[  5%] [34m[1mGenerating /home/rhensen/tmp_stdlib_build_new_28_7985003/build/src-seq/structures/src/List/cons.o for target `seq'[0m
[  5%] [34m[1mGenerating /home/rhensen/tmp_stdlib_build_new_28_7985003/build/src-seq/structures/src/List/drop.o for target `seq'[0m
[  5%] [34m[1mGenerating /home/rhensen/tmp_stdlib_build_new_28_7985003/build/src-seq/structures/src/List/empty.o for target `seq'[0m
[  5%] [34m[1mGenerating /home/rhensen/tmp_stdlib_build_new_28_7985003/build/src-seq/structures/src/List/free.o for target `seq'[0m
[  5%] [34m[1mGenerating /home/rhensen/tmp_stdlib_build_new_28_7985003/build/src-seq/structures/src/List/hd.o for target `seq'[0m
[  6%] [34m[1mGenerating /home/rhensen/tmp_stdlib_build_new_28_7985003/build/src-seq/structures/src/List/length.o for target `seq'[0m
[  6%] [34m[1mGenerating /home/rhensen/tmp_stdlib_build_new_28_7985003/build/src-seq/structures/src/List/nil.o for target `seq'[0m
[  6%] [34m[1mGenerating /home/rhensen/tmp_stdlib_build_new_28_7985003/build/src-seq/structures/src/List/nth.o for target `seq'[0m
[  6%] [34m[1mGenerating /home/rhensen/tmp_stdlib_build_new_28_7985003/build/src-seq/structures/src/List/take.o for target `seq'[0m
[  6%] [34m[1mGenerating /home/rhensen/tmp_stdlib_build_new_28_7985003/build/src-seq/structures/src/List/tl.o for target `seq'[0m
[  6%] [34m[1mBuilding module `List' for target `seq'[0m
make[3]: Leaving directory '/home/rhensen/tmp_stdlib_build_new_28_7985003/build'
[  6%] Built target seq-module-List
make[3]: Entering directory '/home/rhensen/tmp_stdlib_build_new_28_7985003/build'
[35m[1mScanning dependencies of target seq-module-MTClock[0m
make[3]: Leaving directory '/home/rhensen/tmp_stdlib_build_new_28_7985003/build'
make[3]: Entering directory '/home/rhensen/tmp_stdlib_build_new_28_7985003/build'
[  6%] [34m[1mGenerating /home/rhensen/tmp_stdlib_build_new_28_7985003/build/src-seq/system/src/MTClock/mtclock.o for target `seq'[0m
[  6%] [34m[1mBuilding module `MTClock' for target `seq'[0m
make[3]: Leaving directory '/home/rhensen/tmp_stdlib_build_new_28_7985003/build'
[  6%] Built target seq-module-Quaternion
make[3]: Entering directory '/home/rhensen/tmp_stdlib_build_new_28_7985003/build'
make[3]: Leaving directory '/home/rhensen/tmp_stdlib_build_new_28_7985003/build'
[  6%] Built target seq-module-MTClock
[35m[1mScanning dependencies of target seq-module-RTClock[0m
make[3]: Leaving directory '/home/rhensen/tmp_stdlib_build_new_28_7985003/build'
make[3]: Entering directory '/home/rhensen/tmp_stdlib_build_new_28_7985003/build'
make[3]: Entering directory '/home/rhensen/tmp_stdlib_build_new_28_7985003/build'
[  6%] [34m[1mGenerating /home/rhensen/tmp_stdlib_build_new_28_7985003/build/src-seq/system/src/RTClock/rtclock.o for target `seq'[0m
[35m[1mScanning dependencies of target seq-module-TimeStamp[0m
make[3]: Leaving directory '/home/rhensen/tmp_stdlib_build_new_28_7985003/build'
make[3]: Entering directory '/home/rhensen/tmp_stdlib_build_new_28_7985003/build'
[  6%] [34m[1mGenerating /home/rhensen/tmp_stdlib_build_new_28_7985003/build/src-seq/system/src/TimeStamp/TimeStamp.o for target `seq'[0m
[  6%] [34m[1mBuilding module `RTClock' for target `seq'[0m
[  6%] [34m[1mBuilding module `TimeStamp' for target `seq'[0m
make[3]: Leaving directory '/home/rhensen/tmp_stdlib_build_new_28_7985003/build'
[  6%] Built target seq-module-TimeStamp
make[3]: Entering directory '/home/rhensen/tmp_stdlib_build_new_28_7985003/build'
make[3]: Leaving directory '/home/rhensen/tmp_stdlib_build_new_28_7985003/build'
make[3]: Entering directory '/home/rhensen/tmp_stdlib_build_new_28_7985003/build'
[  6%] [34m[1mBuilding module `Interval' for target `seq'[0m
make[3]: Leaving directory '/home/rhensen/tmp_stdlib_build_new_28_7985003/build'
[  6%] Built target seq-module-RTClock
make[3]: Entering directory '/home/rhensen/tmp_stdlib_build_new_28_7985003/build'
make[3]: Leaving directory '/home/rhensen/tmp_stdlib_build_new_28_7985003/build'
make[3]: Entering directory '/home/rhensen/tmp_stdlib_build_new_28_7985003/build'
[  6%] [34m[1mBuilding `Hiding.sac' from `Hiding.xsac' for target `seq'[0m
[  6%] [34m[1mBuilding module `Hiding' for target `seq'[0m
make[3]: Leaving directory '/home/rhensen/tmp_stdlib_build_new_28_7985003/build'
[  6%] Built target seq-module-Interval
make[3]: Entering directory '/home/rhensen/tmp_stdlib_build_new_28_7985003/build'
make[3]: Leaving directory '/home/rhensen/tmp_stdlib_build_new_28_7985003/build'
make[3]: Entering directory '/home/rhensen/tmp_stdlib_build_new_28_7985003/build'
[  6%] [34m[1mBuilding `Quaternion.sac' from `Quaternion.xsac' for target `mt_pth'[0m
[  6%] [34m[1mBuilding module `Quaternion' for target `mt_pth'[0m
make[3]: Leaving directory '/home/rhensen/tmp_stdlib_build_new_28_7985003/build'
[  6%] Built target seq-module-ArrayBasics
make[3]: Entering directory '/home/rhensen/tmp_stdlib_build_new_28_7985003/build'
make[3]: Leaving directory '/home/rhensen/tmp_stdlib_build_new_28_7985003/build'
make[3]: Entering directory '/home/rhensen/tmp_stdlib_build_new_28_7985003/build'
[  7%] [34m[1mBuilding `ScalarArith.sac' from `ScalarArith.xsac' for target `mt_pth'[0m
[  7%] [34m[1mBuilding module `ScalarArith' for target `mt_pth'[0m
make[3]: Leaving directory '/home/rhensen/tmp_stdlib_build_new_28_7985003/build'
[  7%] Built target seq-module-Hiding
make[3]: Entering directory '/home/rhensen/tmp_stdlib_build_new_28_7985003/build'
make[3]: Leaving directory '/home/rhensen/tmp_stdlib_build_new_28_7985003/build'
make[3]: Entering directory '/home/rhensen/tmp_stdlib_build_new_28_7985003/build'
[  7%] [34m[1mBuilding `ArrayBasics.sac' from `ArrayBasics.xsac' for target `mt_pth'[0m
[  8%] [34m[1mBuilding module `ArrayBasics' for target `mt_pth'[0m
make[3]: Leaving directory '/home/rhensen/tmp_stdlib_build_new_28_7985003/build'
[  8%] Built target mt_pth-module-ScalarArith
make[3]: Entering directory '/home/rhensen/tmp_stdlib_build_new_28_7985003/build'
[35m[1mScanning dependencies of target mt_pth-module-Char[0m
make[3]: Leaving directory '/home/rhensen/tmp_stdlib_build_new_28_7985003/build'
make[3]: Entering directory '/home/rhensen/tmp_stdlib_build_new_28_7985003/build'
[  8%] [34m[1mGenerating /home/rhensen/tmp_stdlib_build_new_28_7985003/build/src-mt_pth/structures/src/Char/ctype.o for target `mt_pth'[0m
[  8%] [34m[1mBuilding module `Char' for target `mt_pth'[0m
make[3]: Leaving directory '/home/rhensen/tmp_stdlib_build_new_28_7985003/build'
[  8%] Built target mt_pth-module-Char
make[3]: Entering directory '/home/rhensen/tmp_stdlib_build_new_28_7985003/build'
[35m[1mScanning dependencies of target mt_pth-module-World[0m
make[3]: Leaving directory '/home/rhensen/tmp_stdlib_build_new_28_7985003/build'
make[3]: Entering directory '/home/rhensen/tmp_stdlib_build_new_28_7985003/build'
[  8%] [34m[1mGenerating /home/rhensen/tmp_stdlib_build_new_28_7985003/build/src-mt_pth/system/src/World/World.o for target `mt_pth'[0m
[  8%] [34m[1mBuilding module `World' for target `mt_pth'[0m
make[3]: Leaving directory '/home/rhensen/tmp_stdlib_build_new_28_7985003/build'
[  8%] Built target mt_pth-module-World
make[3]: Entering directory '/home/rhensen/tmp_stdlib_build_new_28_7985003/build'
make[3]: Leaving directory '/home/rhensen/tmp_stdlib_build_new_28_7985003/build'
make[3]: Entering directory '/home/rhensen/tmp_stdlib_build_new_28_7985003/build'
[  8%] [34m[1mBuilding `ArrayArith.sac' from `ArrayArith.xsac' for target `mt_pth'[0m
[  8%] [34m[1mBuilding module `ArrayArith' for target `mt_pth'[0m
make[3]: Leaving directory '/home/rhensen/tmp_stdlib_build_new_28_7985003/build'
[  8%] Built target mt_pth-module-ArrayBasics
make[3]: Entering directory '/home/rhensen/tmp_stdlib_build_new_28_7985003/build'
[35m[1mScanning dependencies of target mt_pth-module-Constants[0m
make[3]: Leaving directory '/home/rhensen/tmp_stdlib_build_new_28_7985003/build'
make[3]: Entering directory '/home/rhensen/tmp_stdlib_build_new_28_7985003/build'
[  8%] [34m[1mGenerating /home/rhensen/tmp_stdlib_build_new_28_7985003/build/src-mt_pth/structures/src/Constants/epidouble.o for target `mt_pth'[0m
[  9%] [34m[1mGenerating /home/rhensen/tmp_stdlib_build_new_28_7985003/build/src-mt_pth/structures/src/Constants/maxdouble.o for target `mt_pth'[0m
[  9%] [34m[1mGenerating /home/rhensen/tmp_stdlib_build_new_28_7985003/build/src-mt_pth/structures/src/Constants/maxfloat.o for target `mt_pth'[0m
[  9%] [34m[1mGenerating /home/rhensen/tmp_stdlib_build_new_28_7985003/build/src-mt_pth/structures/src/Constants/maxint.o for target `mt_pth'[0m
[  9%] [34m[1mGenerating /home/rhensen/tmp_stdlib_build_new_28_7985003/build/src-mt_pth/structures/src/Constants/mindouble.o for target `mt_pth'[0m
[  9%] [34m[1mGenerating /home/rhensen/tmp_stdlib_build_new_28_7985003/build/src-mt_pth/structures/src/Constants/minfloat.o for target `mt_pth'[0m
[ 10%] [34m[1mGenerating /home/rhensen/tmp_stdlib_build_new_28_7985003/build/src-mt_pth/structures/src/Constants/minint.o for target `mt_pth'[0m
[ 10%] [34m[1mGenerating /home/rhensen/tmp_stdlib_build_new_28_7985003/build/src-mt_pth/structures/src/Constants/minmax.o for target `mt_pth'[0m
[ 10%] [34m[1mGenerating /home/rhensen/tmp_stdlib_build_new_28_7985003/build/src-mt_pth/structures/src/Constants/randmax.o for target `mt_pth'[0m
[ 10%] [34m[1mGenerating /home/rhensen/tmp_stdlib_build_new_28_7985003/build/src-mt_pth/structures/src/Constants/tinydouble.o for target `mt_pth'[0m
[ 10%] [34m[1mBuilding module `Constants' for target `mt_pth'[0m
make[3]: Leaving directory '/home/rhensen/tmp_stdlib_build_new_28_7985003/build'
[ 10%] Built target mt_pth-module-Constants
make[3]: Entering directory '/home/rhensen/tmp_stdlib_build_new_28_7985003/build'
[35m[1mScanning dependencies of target mt_pth-module-List[0m
make[3]: Leaving directory '/home/rhensen/tmp_stdlib_build_new_28_7985003/build'
make[3]: Entering directory '/home/rhensen/tmp_stdlib_build_new_28_7985003/build'
[ 10%] [34m[1mGenerating /home/rhensen/tmp_stdlib_build_new_28_7985003/build/src-mt_pth/structures/src/List/append.o for target `mt_pth'[0m
[ 11%] [34m[1mGenerating /home/rhensen/tmp_stdlib_build_new_28_7985003/build/src-mt_pth/structures/src/List/cons.o for target `mt_pth'[0m
[ 11%] [34m[1mGenerating /home/rhensen/tmp_stdlib_build_new_28_7985003/build/src-mt_pth/structures/src/List/drop.o for target `mt_pth'[0m
[ 11%] [34m[1mGenerating /home/rhensen/tmp_stdlib_build_new_28_7985003/build/src-mt_pth/structures/src/List/empty.o for target `mt_pth'[0m
[ 11%] [34m[1mGenerating /home/rhensen/tmp_stdlib_build_new_28_7985003/build/src-mt_pth/structures/src/List/free.o for target `mt_pth'[0m
[ 11%] [34m[1mGenerating /home/rhensen/tmp_stdlib_build_new_28_7985003/build/src-mt_pth/structures/src/List/hd.o for target `mt_pth'[0m
[ 12%] [34m[1mGenerating /home/rhensen/tmp_stdlib_build_new_28_7985003/build/src-mt_pth/structures/src/List/length.o for target `mt_pth'[0m
[ 12%] [34m[1mGenerating /home/rhensen/tmp_stdlib_build_new_28_7985003/build/src-mt_pth/structures/src/List/nil.o for target `mt_pth'[0m
[ 12%] [34m[1mGenerating /home/rhensen/tmp_stdlib_build_new_28_7985003/build/src-mt_pth/structures/src/List/nth.o for target `mt_pth'[0m
[ 12%] [34m[1mGenerating /home/rhensen/tmp_stdlib_build_new_28_7985003/build/src-mt_pth/structures/src/List/take.o for target `mt_pth'[0m
make[3]: Leaving directory '/home/rhensen/tmp_stdlib_build_new_28_7985003/build'
[ 12%] Built target mt_pth-module-Quaternion
make[3]: Entering directory '/home/rhensen/tmp_stdlib_build_new_28_7985003/build'
[ 12%] [34m[1mGenerating /home/rhensen/tmp_stdlib_build_new_28_7985003/build/src-mt_pth/structures/src/List/tl.o for target `mt_pth'[0m
[35m[1mScanning dependencies of target mt_pth-module-MTClock[0m
make[3]: Leaving directory '/home/rhensen/tmp_stdlib_build_new_28_7985003/build'
make[3]: Entering directory '/home/rhensen/tmp_stdlib_build_new_28_7985003/build'
[ 12%] [34m[1mGenerating /home/rhensen/tmp_stdlib_build_new_28_7985003/build/src-mt_pth/system/src/MTClock/mtclock.o for target `mt_pth'[0m
[ 12%] [34m[1mBuilding module `List' for target `mt_pth'[0m
[ 12%] [34m[1mBuilding module `MTClock' for target `mt_pth'[0m
make[3]: Leaving directory '/home/rhensen/tmp_stdlib_build_new_28_7985003/build'
make[3]: Leaving directory '/home/rhensen/tmp_stdlib_build_new_28_7985003/build'
[ 12%] Built target mt_pth-module-MTClock
[ 12%] Built target mt_pth-module-List
make[3]: Entering directory '/home/rhensen/tmp_stdlib_build_new_28_7985003/build'
make[3]: Entering directory '/home/rhensen/tmp_stdlib_build_new_28_7985003/build'
[35m[1mScanning dependencies of target mt_pth-module-RTClock[0m
make[3]: Leaving directory '/home/rhensen/tmp_stdlib_build_new_28_7985003/build'
[35m[1mScanning dependencies of target mt_pth-module-TimeStamp[0m
make[3]: Leaving directory '/home/rhensen/tmp_stdlib_build_new_28_7985003/build'
make[3]: Entering directory '/home/rhensen/tmp_stdlib_build_new_28_7985003/build'
make[3]: Entering directory '/home/rhensen/tmp_stdlib_build_new_28_7985003/build'
[ 12%] [34m[1mGenerating /home/rhensen/tmp_stdlib_build_new_28_7985003/build/src-mt_pth/system/src/RTClock/rtclock.o for target `mt_pth'[0m
[ 13%] [34m[1mGenerating /home/rhensen/tmp_stdlib_build_new_28_7985003/build/src-mt_pth/system/src/TimeStamp/TimeStamp.o for target `mt_pth'[0m
[ 13%] [34m[1mBuilding module `RTClock' for target `mt_pth'[0m
[ 13%] [34m[1mBuilding module `TimeStamp' for target `mt_pth'[0m
make[3]: Leaving directory '/home/rhensen/tmp_stdlib_build_new_28_7985003/build'
[ 13%] Built target mt_pth-module-TimeStamp
make[3]: Entering directory '/home/rhensen/tmp_stdlib_build_new_28_7985003/build'
make[3]: Leaving directory '/home/rhensen/tmp_stdlib_build_new_28_7985003/build'
make[3]: Entering directory '/home/rhensen/tmp_stdlib_build_new_28_7985003/build'
[ 13%] [34m[1mBuilding module `Interval' for target `mt_pth'[0m
make[3]: Leaving directory '/home/rhensen/tmp_stdlib_build_new_28_7985003/build'
[ 13%] Built target mt_pth-module-RTClock
make[3]: Entering directory '/home/rhensen/tmp_stdlib_build_new_28_7985003/build'
make[3]: Leaving directory '/home/rhensen/tmp_stdlib_build_new_28_7985003/build'
make[3]: Entering directory '/home/rhensen/tmp_stdlib_build_new_28_7985003/build'
[ 13%] [34m[1mBuilding `Hiding.sac' from `Hiding.xsac' for target `mt_pth'[0m
[ 13%] [34m[1mBuilding module `Hiding' for target `mt_pth'[0m
make[3]: Leaving directory '/home/rhensen/tmp_stdlib_build_new_28_7985003/build'
[ 13%] Built target mt_pth-module-Interval
make[3]: Entering directory '/home/rhensen/tmp_stdlib_build_new_28_7985003/build'
[35m[1mScanning dependencies of target seq-module-Math[0m
make[3]: Leaving directory '/home/rhensen/tmp_stdlib_build_new_28_7985003/build'
make[3]: Entering directory '/home/rhensen/tmp_stdlib_build_new_28_7985003/build'
[ 13%] [34m[1mGenerating /home/rhensen/tmp_stdlib_build_new_28_7985003/build/src-seq/numerical/src/Math/int_log.o for target `seq'[0m
[ 14%] [34m[1mGenerating /home/rhensen/tmp_stdlib_build_new_28_7985003/build/src-seq/numerical/src/Math/isfinite.o for target `seq'[0m
[ 14%] [34m[1mGenerating /home/rhensen/tmp_stdlib_build_new_28_7985003/build/src-seq/numerical/src/Math/isinf.o for target `seq'[0m
[ 14%] [34m[1mGenerating /home/rhensen/tmp_stdlib_build_new_28_7985003/build/src-seq/numerical/src/Math/isnan.o for target `seq'[0m
[ 14%] [34m[1mGenerating /home/rhensen/tmp_stdlib_build_new_28_7985003/build/src-seq/numerical/src/Math/sign.o for target `seq'[0m
[ 14%] [34m[1mBuilding module `Math' for target `seq'[0m
make[3]: Leaving directory '/home/rhensen/tmp_stdlib_build_new_28_7985003/build'
[ 14%] Built target seq-module-Math
make[3]: Entering directory '/home/rhensen/tmp_stdlib_build_new_28_7985003/build'
[35m[1mScanning dependencies of target seq-module-String[0m
make[3]: Leaving directory '/home/rhensen/tmp_stdlib_build_new_28_7985003/build'
make[3]: Entering directory '/home/rhensen/tmp_stdlib_build_new_28_7985003/build'
[ 15%] [34m[1mGenerating /home/rhensen/tmp_stdlib_build_new_28_7985003/build/src-seq/structures/src/String/btos.o for target `seq'[0m
[ 15%] [34m[1mGenerating /home/rhensen/tmp_stdlib_build_new_28_7985003/build/src-seq/structures/src/String/copystr.o for target `seq'[0m
[ 15%] [34m[1mGenerating /home/rhensen/tmp_stdlib_build_new_28_7985003/build/src-seq/structures/src/String/dtos.o for target `seq'[0m
[ 15%] [34m[1mGenerating /home/rhensen/tmp_stdlib_build_new_28_7985003/build/src-seq/structures/src/String/freestr.o for target `seq'[0m
[ 15%] [34m[1mGenerating /home/rhensen/tmp_stdlib_build_new_28_7985003/build/src-seq/structures/src/String/ftos.o for target `seq'[0m
[ 16%] [34m[1mGenerating /home/rhensen/tmp_stdlib_build_new_28_7985003/build/src-seq/structures/src/String/itos.o for target `seq'[0m
[ 16%] [34m[1mGenerating /home/rhensen/tmp_stdlib_build_new_28_7985003/build/src-seq/structures/src/String/sprintf.o for target `seq'[0m
[ 16%] [34m[1mGenerating /home/rhensen/tmp_stdlib_build_new_28_7985003/build/src-seq/structures/src/String/sscanf.o for target `seq'[0m
[ 16%] [34m[1mGenerating /home/rhensen/tmp_stdlib_build_new_28_7985003/build/src-seq/structures/src/String/sscanfstr.o for target `seq'[0m
[ 16%] [34m[1mGenerating /home/rhensen/tmp_stdlib_build_new_28_7985003/build/src-seq/structures/src/String/strcasecmp.o for target `seq'[0m
[ 17%] [34m[1mGenerating /home/rhensen/tmp_stdlib_build_new_28_7985003/build/src-seq/structures/src/String/strcat.o for target `seq'[0m
[ 17%] [34m[1mGenerating /home/rhensen/tmp_stdlib_build_new_28_7985003/build/src-seq/structures/src/String/strchr.o for target `seq'[0m
[ 17%] [34m[1mGenerating /home/rhensen/tmp_stdlib_build_new_28_7985003/build/src-seq/structures/src/String/strcmp.o for target `seq'[0m
[ 17%] [34m[1mGenerating /home/rhensen/tmp_stdlib_build_new_28_7985003/build/src-seq/structures/src/String/strcspn.o for target `seq'[0m
[ 17%] [34m[1mGenerating /home/rhensen/tmp_stdlib_build_new_28_7985003/build/src-seq/structures/src/String/strdrop.o for target `seq'[0m
[ 18%] [34m[1mGenerating /home/rhensen/tmp_stdlib_build_new_28_7985003/build/src-seq/structures/src/String/strext.o for target `seq'[0m
[ 18%] [34m[1mGenerating /home/rhensen/tmp_stdlib_build_new_28_7985003/build/src-seq/structures/src/String/strins.o for target `seq'[0m
[ 18%] [34m[1mGenerating /home/rhensen/tmp_stdlib_build_new_28_7985003/build/src-seq/structures/src/String/strlen.o for target `seq'[0m
[ 18%] [34m[1mGenerating /home/rhensen/tmp_stdlib_build_new_28_7985003/build/src-seq/structures/src/String/strmod.o for target `seq'[0m
[ 18%] [34m[1mGenerating /home/rhensen/tmp_stdlib_build_new_28_7985003/build/src-seq/structures/src/String/strncasecmp.o for target `seq'[0m
[ 19%] [34m[1mGenerating /home/rhensen/tmp_stdlib_build_new_28_7985003/build/src-seq/structures/src/String/strncat.o for target `seq'[0m
[ 19%] [34m[1mGenerating /home/rhensen/tmp_stdlib_build_new_28_7985003/build/src-seq/structures/src/String/strncmp.o for target `seq'[0m
[ 19%] [34m[1mGenerating /home/rhensen/tmp_stdlib_build_new_28_7985003/build/src-seq/structures/src/String/strovwt.o for target `seq'[0m
[ 19%] [34m[1mGenerating /home/rhensen/tmp_stdlib_build_new_28_7985003/build/src-seq/structures/src/String/strrchr.o for target `seq'[0m
[ 19%] [34m[1mGenerating /home/rhensen/tmp_stdlib_build_new_28_7985003/build/src-seq/structures/src/String/strsel.o for target `seq'[0m
make[3]: Leaving directory '/home/rhensen/tmp_stdlib_build_new_28_7985003/build'
[ 20%] [34m[1mGenerating /home/rhensen/tmp_stdlib_build_new_28_7985003/build/src-seq/structures/src/String/strspn.o for target `seq'[0m
[ 20%] Built target mt_pth-module-Hiding
make[3]: Entering directory '/home/rhensen/tmp_stdlib_build_new_28_7985003/build'
[35m[1mScanning dependencies of target seq-module-Terminal[0m
make[3]: Leaving directory '/home/rhensen/tmp_stdlib_build_new_28_7985003/build'
make[3]: Entering directory '/home/rhensen/tmp_stdlib_build_new_28_7985003/build'
[ 20%] [34m[1mGenerating /home/rhensen/tmp_stdlib_build_new_28_7985003/build/src-seq/system/src/Terminal/terminal.o for target `seq'[0m
[ 20%] [34m[1mGenerating /home/rhensen/tmp_stdlib_build_new_28_7985003/build/src-seq/structures/src/String/strstr.o for target `seq'[0m
[ 20%] [34m[1mBuilding module `Terminal' for target `seq'[0m
[ 20%] [34m[1mGenerating /home/rhensen/tmp_stdlib_build_new_28_7985003/build/src-seq/structures/src/String/strtake.o for target `seq'[0m
[ 20%] [34m[1mGenerating /home/rhensen/tmp_stdlib_build_new_28_7985003/build/src-seq/structures/src/String/strtod.o for target `seq'[0m
[ 20%] [34m[1mGenerating /home/rhensen/tmp_stdlib_build_new_28_7985003/build/src-seq/structures/src/String/strtof.o for target `seq'[0m
[ 21%] [34m[1mGenerating /home/rhensen/tmp_stdlib_build_new_28_7985003/build/src-seq/structures/src/String/strtoi.o for target `seq'[0m
[ 21%] [34m[1mGenerating /home/rhensen/tmp_stdlib_build_new_28_7985003/build/src-seq/structures/src/String/strtok.o for target `seq'[0m
[ 21%] [34m[1mGenerating /home/rhensen/tmp_stdlib_build_new_28_7985003/build/src-seq/structures/src/String/tostring.o for target `seq'[0m
[ 21%] [34m[1mGenerating /home/rhensen/tmp_stdlib_build_new_28_7985003/build/src-seq/structures/src/String/trim.o for target `seq'[0m
[ 21%] [34m[1mBuilding module `String' for target `seq'[0m
make[3]: Leaving directory '/home/rhensen/tmp_stdlib_build_new_28_7985003/build'
[ 21%] Built target seq-module-Terminal
make[3]: Entering directory '/home/rhensen/tmp_stdlib_build_new_28_7985003/build'
make[3]: Leaving directory '/home/rhensen/tmp_stdlib_build_new_28_7985003/build'
make[3]: Entering directory '/home/rhensen/tmp_stdlib_build_new_28_7985003/build'
[ 21%] [34m[1mBuilding `ArrayTransformApl.sac' from `ArrayTransformApl.xsac' for target `seq'[0m
[ 22%] [34m[1mBuilding module `ArrayTransformApl' for target `seq'[0m
make[3]: Leaving directory '/home/rhensen/tmp_stdlib_build_new_28_7985003/build'
[ 22%] Built target seq-module-String
make[3]: Entering directory '/home/rhensen/tmp_stdlib_build_new_28_7985003/build'
make[3]: Leaving directory '/home/rhensen/tmp_stdlib_build_new_28_7985003/build'
make[3]: Entering directory '/home/rhensen/tmp_stdlib_build_new_28_7985003/build'
[ 22%] [34m[1mBuilding `ArrayReduce.sac' from `ArrayReduce.xsac' for target `seq'[0m
[ 22%] [34m[1mBuilding module `ArrayReduce' for target `seq'[0m
make[3]: Leaving directory '/home/rhensen/tmp_stdlib_build_new_28_7985003/build'
[ 22%] Built target seq-module-ArrayArith
make[3]: Entering directory '/home/rhensen/tmp_stdlib_build_new_28_7985003/build'
make[3]: Leaving directory '/home/rhensen/tmp_stdlib_build_new_28_7985003/build'
make[3]: Entering directory '/home/rhensen/tmp_stdlib_build_new_28_7985003/build'
[ 22%] [34m[1mBuilding `ArrayTransform.sac' from `ArrayTransform.xsac' for target `seq'[0m
[ 22%] [34m[1mBuilding module `ArrayTransform' for target `seq'[0m
make[3]: Leaving directory '/home/rhensen/tmp_stdlib_build_new_28_7985003/build'
[ 22%] Built target seq-module-ArrayReduce
make[3]: Entering directory '/home/rhensen/tmp_stdlib_build_new_28_7985003/build'
[35m[1mScanning dependencies of target seq-module-RuntimeError[0m
make[3]: Leaving directory '/home/rhensen/tmp_stdlib_build_new_28_7985003/build'
make[3]: Entering directory '/home/rhensen/tmp_stdlib_build_new_28_7985003/build'
[ 22%] [34m[1mGenerating /home/rhensen/tmp_stdlib_build_new_28_7985003/build/src-seq/system/src/RuntimeError/error.o for target `seq'[0m
[ 22%] [34m[1mBuilding module `RuntimeError' for target `seq'[0m
make[3]: Leaving directory '/home/rhensen/tmp_stdlib_build_new_28_7985003/build'
[ 22%] Built target seq-module-RuntimeError
make[3]: Entering directory '/home/rhensen/tmp_stdlib_build_new_28_7985003/build'
[35m[1mScanning dependencies of target seq-module-Clock[0m
make[3]: Leaving directory '/home/rhensen/tmp_stdlib_build_new_28_7985003/build'
make[3]: Entering directory '/home/rhensen/tmp_stdlib_build_new_28_7985003/build'
[ 22%] [34m[1mGenerating /home/rhensen/tmp_stdlib_build_new_28_7985003/build/src-seq/system/src/Clock/clock.o for target `seq'[0m
[ 23%] [34m[1mGenerating /home/rhensen/tmp_stdlib_build_new_28_7985003/build/src-seq/system/src/Clock/ctime.o for target `seq'[0m
[ 23%] [34m[1mGenerating /home/rhensen/tmp_stdlib_build_new_28_7985003/build/src-seq/system/src/Clock/date.o for target `seq'[0m
[ 23%] [34m[1mGenerating /home/rhensen/tmp_stdlib_build_new_28_7985003/build/src-seq/system/src/Clock/difftime.o for target `seq'[0m
[ 23%] [34m[1mGenerating /home/rhensen/tmp_stdlib_build_new_28_7985003/build/src-seq/system/src/Clock/extracttime.o for target `seq'[0m
[ 23%] [34m[1mGenerating /home/rhensen/tmp_stdlib_build_new_28_7985003/build/src-seq/system/src/Clock/gettime.o for target `seq'[0m
[ 24%] [34m[1mGenerating /home/rhensen/tmp_stdlib_build_new_28_7985003/build/src-seq/system/src/Clock/isdst.o for target `seq'[0m
[ 24%] [34m[1mGenerating /home/rhensen/tmp_stdlib_build_new_28_7985003/build/src-seq/system/src/Clock/isleap.o for target `seq'[0m
[ 24%] [34m[1mGenerating /home/rhensen/tmp_stdlib_build_new_28_7985003/build/src-seq/system/src/Clock/mktime.o for target `seq'[0m
[ 24%] [34m[1mGenerating /home/rhensen/tmp_stdlib_build_new_28_7985003/build/src-seq/system/src/Clock/sleep.o for target `seq'[0m
[ 24%] [34m[1mGenerating /home/rhensen/tmp_stdlib_build_new_28_7985003/build/src-seq/system/src/Clock/strftime.o for target `seq'[0m
[ 25%] [34m[1mGenerating /home/rhensen/tmp_stdlib_build_new_28_7985003/build/src-seq/system/src/Clock/strptime.o for target `seq'[0m
[ 25%] [34m[1mGenerating /home/rhensen/tmp_stdlib_build_new_28_7985003/build/src-seq/system/src/Clock/to_time.o for target `seq'[0m
[ 25%] [34m[1mBuilding module `Clock' for target `seq'[0m
make[3]: Leaving directory '/home/rhensen/tmp_stdlib_build_new_28_7985003/build'
[ 25%] Built target seq-module-Clock
make[3]: Entering directory '/home/rhensen/tmp_stdlib_build_new_28_7985003/build'
[35m[1mScanning dependencies of target seq-module-CommandLine[0m
make[3]: Leaving directory '/home/rhensen/tmp_stdlib_build_new_28_7985003/build'
make[3]: Entering directory '/home/rhensen/tmp_stdlib_build_new_28_7985003/build'
[ 25%] [34m[1mGenerating /home/rhensen/tmp_stdlib_build_new_28_7985003/build/src-seq/system/src/CommandLine/CommandLine.o for target `seq'[0m
[ 25%] [34m[1mBuilding module `CommandLine' for target `seq'[0m
make[3]: Leaving directory '/home/rhensen/tmp_stdlib_build_new_28_7985003/build'
[ 25%] Built target seq-module-CommandLine
make[3]: Entering directory '/home/rhensen/tmp_stdlib_build_new_28_7985003/build'
[35m[1mScanning dependencies of target seq-module-Environment[0m
make[3]: Leaving directory '/home/rhensen/tmp_stdlib_build_new_28_7985003/build'
make[3]: Entering directory '/home/rhensen/tmp_stdlib_build_new_28_7985003/build'
[ 25%] [34m[1mGenerating /home/rhensen/tmp_stdlib_build_new_28_7985003/build/src-seq/system/src/Environment/Env.o for target `seq'[0m
[ 25%] [34m[1mGenerating /home/rhensen/tmp_stdlib_build_new_28_7985003/build/src-seq/system/src/Environment/Environ.o for target `seq'[0m
[ 25%] [34m[1mGenerating /home/rhensen/tmp_stdlib_build_new_28_7985003/build/src-seq/system/src/Environment/ExistEnv.o for target `seq'[0m
[ 26%] [34m[1mGenerating /home/rhensen/tmp_stdlib_build_new_28_7985003/build/src-seq/system/src/Environment/GetEnv.o for target `seq'[0m
[ 26%] [34m[1mGenerating /home/rhensen/tmp_stdlib_build_new_28_7985003/build/src-seq/system/src/Environment/SetEnv.o for target `seq'[0m
[ 26%] [34m[1mGenerating /home/rhensen/tmp_stdlib_build_new_28_7985003/build/src-seq/system/src/Environment/UnsetEnv.o for target `seq'[0m
[ 26%] [34m[1mBuilding module `Environment' for target `seq'[0m
make[3]: Leaving directory '/home/rhensen/tmp_stdlib_build_new_28_7985003/build'
[ 26%] Built target seq-module-Environment
make[3]: Entering directory '/home/rhensen/tmp_stdlib_build_new_28_7985003/build'
[35m[1mScanning dependencies of target seq-module-GetOpt[0m
make[3]: Leaving directory '/home/rhensen/tmp_stdlib_build_new_28_7985003/build'
make[3]: Entering directory '/home/rhensen/tmp_stdlib_build_new_28_7985003/build'
[ 26%] [34m[1mGenerating /home/rhensen/tmp_stdlib_build_new_28_7985003/build/src-seq/system/src/GetOpt/getopt.o for target `seq'[0m
[ 27%] [34m[1mBuilding module `GetOpt' for target `seq'[0m
make[3]: Leaving directory '/home/rhensen/tmp_stdlib_build_new_28_7985003/build'
[ 27%] Built target seq-module-GetOpt
make[3]: Entering directory '/home/rhensen/tmp_stdlib_build_new_28_7985003/build'
[35m[1mScanning dependencies of target seq-module-RTimer[0m
make[3]: Leaving directory '/home/rhensen/tmp_stdlib_build_new_28_7985003/build'
make[3]: Entering directory '/home/rhensen/tmp_stdlib_build_new_28_7985003/build'
[ 28%] [34m[1mGenerating /home/rhensen/tmp_stdlib_build_new_28_7985003/build/src-seq/system/src/RTimer/rtimer.o for target `seq'[0m
[ 28%] [34m[1mBuilding module `RTimer' for target `seq'[0m
make[3]: Leaving directory '/home/rhensen/tmp_stdlib_build_new_28_7985003/build'
[ 28%] Built target seq-module-RTimer
make[3]: Entering directory '/home/rhensen/tmp_stdlib_build_new_28_7985003/build'
[35m[1mScanning dependencies of target mt_pth-module-Math[0m
make[3]: Leaving directory '/home/rhensen/tmp_stdlib_build_new_28_7985003/build'
make[3]: Entering directory '/home/rhensen/tmp_stdlib_build_new_28_7985003/build'
[ 28%] [34m[1mGenerating /home/rhensen/tmp_stdlib_build_new_28_7985003/build/src-mt_pth/numerical/src/Math/int_log.o for target `mt_pth'[0m
[ 29%] [34m[1mGenerating /home/rhensen/tmp_stdlib_build_new_28_7985003/build/src-mt_pth/numerical/src/Math/isfinite.o for target `mt_pth'[0m
[ 29%] [34m[1mGenerating /home/rhensen/tmp_stdlib_build_new_28_7985003/build/src-mt_pth/numerical/src/Math/isinf.o for target `mt_pth'[0m
[ 29%] [34m[1mGenerating /home/rhensen/tmp_stdlib_build_new_28_7985003/build/src-mt_pth/numerical/src/Math/isnan.o for target `mt_pth'[0m
[ 29%] [34m[1mGenerating /home/rhensen/tmp_stdlib_build_new_28_7985003/build/src-mt_pth/numerical/src/Math/sign.o for target `mt_pth'[0m
[ 29%] [34m[1mBuilding module `Math' for target `mt_pth'[0m
make[3]: Leaving directory '/home/rhensen/tmp_stdlib_build_new_28_7985003/build'
[ 29%] Built target seq-module-ArrayTransformApl
make[3]: Entering directory '/home/rhensen/tmp_stdlib_build_new_28_7985003/build'
[35m[1mScanning dependencies of target mt_pth-module-String[0m
make[3]: Leaving directory '/home/rhensen/tmp_stdlib_build_new_28_7985003/build'
make[3]: Entering directory '/home/rhensen/tmp_stdlib_build_new_28_7985003/build'
[ 30%] [34m[1mGenerating /home/rhensen/tmp_stdlib_build_new_28_7985003/build/src-mt_pth/structures/src/String/btos.o for target `mt_pth'[0m
[ 30%] [34m[1mGenerating /home/rhensen/tmp_stdlib_build_new_28_7985003/build/src-mt_pth/structures/src/String/copystr.o for target `mt_pth'[0m
[ 30%] [34m[1mGenerating /home/rhensen/tmp_stdlib_build_new_28_7985003/build/src-mt_pth/structures/src/String/dtos.o for target `mt_pth'[0m
[ 30%] [34m[1mGenerating /home/rhensen/tmp_stdlib_build_new_28_7985003/build/src-mt_pth/structures/src/String/freestr.o for target `mt_pth'[0m
[ 30%] [34m[1mGenerating /home/rhensen/tmp_stdlib_build_new_28_7985003/build/src-mt_pth/structures/src/String/ftos.o for target `mt_pth'[0m
[ 31%] [34m[1mGenerating /home/rhensen/tmp_stdlib_build_new_28_7985003/build/src-mt_pth/structures/src/String/itos.o for target `mt_pth'[0m
[ 31%] [34m[1mGenerating /home/rhensen/tmp_stdlib_build_new_28_7985003/build/src-mt_pth/structures/src/String/sprintf.o for target `mt_pth'[0m
[ 31%] [34m[1mGenerating /home/rhensen/tmp_stdlib_build_new_28_7985003/build/src-mt_pth/structures/src/String/sscanf.o for target `mt_pth'[0m
[ 31%] [34m[1mGenerating /home/rhensen/tmp_stdlib_build_new_28_7985003/build/src-mt_pth/structures/src/String/sscanfstr.o for target `mt_pth'[0m
[ 31%] [34m[1mGenerating /home/rhensen/tmp_stdlib_build_new_28_7985003/build/src-mt_pth/structures/src/String/strcasecmp.o for target `mt_pth'[0m
[ 32%] [34m[1mGenerating /home/rhensen/tmp_stdlib_build_new_28_7985003/build/src-mt_pth/structures/src/String/strcat.o for target `mt_pth'[0m
[ 32%] [34m[1mGenerating /home/rhensen/tmp_stdlib_build_new_28_7985003/build/src-mt_pth/structures/src/String/strchr.o for target `mt_pth'[0m
[ 32%] [34m[1mGenerating /home/rhensen/tmp_stdlib_build_new_28_7985003/build/src-mt_pth/structures/src/String/strcmp.o for target `mt_pth'[0m
[ 32%] [34m[1mGenerating /home/rhensen/tmp_stdlib_build_new_28_7985003/build/src-mt_pth/structures/src/String/strcspn.o for target `mt_pth'[0m
[ 32%] [34m[1mGenerating /home/rhensen/tmp_stdlib_build_new_28_7985003/build/src-mt_pth/structures/src/String/strdrop.o for target `mt_pth'[0m
[ 33%] [34m[1mGenerating /home/rhensen/tmp_stdlib_build_new_28_7985003/build/src-mt_pth/structures/src/String/strext.o for target `mt_pth'[0m
[ 33%] [34m[1mGenerating /home/rhensen/tmp_stdlib_build_new_28_7985003/build/src-mt_pth/structures/src/String/strins.o for target `mt_pth'[0m
[ 33%] [34m[1mGenerating /home/rhensen/tmp_stdlib_build_new_28_7985003/build/src-mt_pth/structures/src/String/strlen.o for target `mt_pth'[0m
[ 33%] [34m[1mGenerating /home/rhensen/tmp_stdlib_build_new_28_7985003/build/src-mt_pth/structures/src/String/strmod.o for target `mt_pth'[0m
[ 34%] [34m[1mGenerating /home/rhensen/tmp_stdlib_build_new_28_7985003/build/src-mt_pth/structures/src/String/strncasecmp.o for target `mt_pth'[0m
[ 34%] [34m[1mGenerating /home/rhensen/tmp_stdlib_build_new_28_7985003/build/src-mt_pth/structures/src/String/strncat.o for target `mt_pth'[0m
[ 34%] [34m[1mGenerating /home/rhensen/tmp_stdlib_build_new_28_7985003/build/src-mt_pth/structures/src/String/strncmp.o for target `mt_pth'[0m
[ 34%] [34m[1mGenerating /home/rhensen/tmp_stdlib_build_new_28_7985003/build/src-mt_pth/structures/src/String/strovwt.o for target `mt_pth'[0m
[ 34%] [34m[1mGenerating /home/rhensen/tmp_stdlib_build_new_28_7985003/build/src-mt_pth/structures/src/String/strrchr.o for target `mt_pth'[0m
[ 35%] [34m[1mGenerating /home/rhensen/tmp_stdlib_build_new_28_7985003/build/src-mt_pth/structures/src/String/strsel.o for target `mt_pth'[0m
[ 35%] [34m[1mGenerating /home/rhensen/tmp_stdlib_build_new_28_7985003/build/src-mt_pth/structures/src/String/strspn.o for target `mt_pth'[0m
make[3]: Leaving directory '/home/rhensen/tmp_stdlib_build_new_28_7985003/build'
[ 35%] Built target mt_pth-module-Math
make[3]: Entering directory '/home/rhensen/tmp_stdlib_build_new_28_7985003/build'
[ 35%] [34m[1mGenerating /home/rhensen/tmp_stdlib_build_new_28_7985003/build/src-mt_pth/structures/src/String/strstr.o for target `mt_pth'[0m
[35m[1mScanning dependencies of target mt_pth-module-Terminal[0m
make[3]: Leaving directory '/home/rhensen/tmp_stdlib_build_new_28_7985003/build'
make[3]: Entering directory '/home/rhensen/tmp_stdlib_build_new_28_7985003/build'
[ 35%] [34m[1mGenerating /home/rhensen/tmp_stdlib_build_new_28_7985003/build/src-mt_pth/system/src/Terminal/terminal.o for target `mt_pth'[0m
[ 35%] [34m[1mBuilding module `Terminal' for target `mt_pth'[0m
[ 35%] [34m[1mGenerating /home/rhensen/tmp_stdlib_build_new_28_7985003/build/src-mt_pth/structures/src/String/strtake.o for target `mt_pth'[0m
[ 35%] [34m[1mGenerating /home/rhensen/tmp_stdlib_build_new_28_7985003/build/src-mt_pth/structures/src/String/strtod.o for target `mt_pth'[0m
[ 36%] [34m[1mGenerating /home/rhensen/tmp_stdlib_build_new_28_7985003/build/src-mt_pth/structures/src/String/strtof.o for target `mt_pth'[0m
[ 36%] [34m[1mGenerating /home/rhensen/tmp_stdlib_build_new_28_7985003/build/src-mt_pth/structures/src/String/strtoi.o for target `mt_pth'[0m
[ 36%] [34m[1mGenerating /home/rhensen/tmp_stdlib_build_new_28_7985003/build/src-mt_pth/structures/src/String/strtok.o for target `mt_pth'[0m
[ 36%] [34m[1mGenerating /home/rhensen/tmp_stdlib_build_new_28_7985003/build/src-mt_pth/structures/src/String/tostring.o for target `mt_pth'[0m
[ 36%] [34m[1mGenerating /home/rhensen/tmp_stdlib_build_new_28_7985003/build/src-mt_pth/structures/src/String/trim.o for target `mt_pth'[0m
[ 36%] [34m[1mBuilding module `String' for target `mt_pth'[0m
make[3]: Leaving directory '/home/rhensen/tmp_stdlib_build_new_28_7985003/build'
[ 36%] Built target mt_pth-module-Terminal
make[3]: Entering directory '/home/rhensen/tmp_stdlib_build_new_28_7985003/build'
make[3]: Leaving directory '/home/rhensen/tmp_stdlib_build_new_28_7985003/build'
make[3]: Entering directory '/home/rhensen/tmp_stdlib_build_new_28_7985003/build'
[ 36%] [34m[1mBuilding `ArrayTransformApl.sac' from `ArrayTransformApl.xsac' for target `mt_pth'[0m
[ 36%] [34m[1mBuilding module `ArrayTransformApl' for target `mt_pth'[0m
make[3]: Leaving directory '/home/rhensen/tmp_stdlib_build_new_28_7985003/build'
[ 36%] Built target mt_pth-module-String
make[3]: Entering directory '/home/rhensen/tmp_stdlib_build_new_28_7985003/build'
make[3]: Leaving directory '/home/rhensen/tmp_stdlib_build_new_28_7985003/build'
make[3]: Entering directory '/home/rhensen/tmp_stdlib_build_new_28_7985003/build'
[ 36%] [34m[1mBuilding `ArrayReduce.sac' from `ArrayReduce.xsac' for target `mt_pth'[0m
[ 36%] [34m[1mBuilding module `ArrayReduce' for target `mt_pth'[0m
make[3]: Leaving directory '/home/rhensen/tmp_stdlib_build_new_28_7985003/build'
[ 36%] Built target mt_pth-module-ArrayReduce
make[3]: Entering directory '/home/rhensen/tmp_stdlib_build_new_28_7985003/build'
make[3]: Leaving directory '/home/rhensen/tmp_stdlib_build_new_28_7985003/build'
make[3]: Entering directory '/home/rhensen/tmp_stdlib_build_new_28_7985003/build'
[ 37%] [34m[1mBuilding `ArrayTransform.sac' from `ArrayTransform.xsac' for target `mt_pth'[0m
[ 37%] [34m[1mBuilding module `ArrayTransform' for target `mt_pth'[0m
make[3]: Leaving directory '/home/rhensen/tmp_stdlib_build_new_28_7985003/build'
[ 37%] Built target mt_pth-module-ArrayTransformApl
make[3]: Entering directory '/home/rhensen/tmp_stdlib_build_new_28_7985003/build'
[35m[1mScanning dependencies of target mt_pth-module-RuntimeError[0m
make[3]: Leaving directory '/home/rhensen/tmp_stdlib_build_new_28_7985003/build'
make[3]: Entering directory '/home/rhensen/tmp_stdlib_build_new_28_7985003/build'
[ 37%] [34m[1mGenerating /home/rhensen/tmp_stdlib_build_new_28_7985003/build/src-mt_pth/system/src/RuntimeError/error.o for target `mt_pth'[0m
[ 37%] [34m[1mBuilding module `RuntimeError' for target `mt_pth'[0m
make[3]: Leaving directory '/home/rhensen/tmp_stdlib_build_new_28_7985003/build'
[ 37%] Built target mt_pth-module-RuntimeError
make[3]: Entering directory '/home/rhensen/tmp_stdlib_build_new_28_7985003/build'
[35m[1mScanning dependencies of target mt_pth-module-Clock[0m
make[3]: Leaving directory '/home/rhensen/tmp_stdlib_build_new_28_7985003/build'
make[3]: Entering directory '/home/rhensen/tmp_stdlib_build_new_28_7985003/build'
[ 37%] [34m[1mGenerating /home/rhensen/tmp_stdlib_build_new_28_7985003/build/src-mt_pth/system/src/Clock/clock.o for target `mt_pth'[0m
[ 38%] [34m[1mGenerating /home/rhensen/tmp_stdlib_build_new_28_7985003/build/src-mt_pth/system/src/Clock/ctime.o for target `mt_pth'[0m
[ 38%] [34m[1mGenerating /home/rhensen/tmp_stdlib_build_new_28_7985003/build/src-mt_pth/system/src/Clock/date.o for target `mt_pth'[0m
[ 38%] [34m[1mGenerating /home/rhensen/tmp_stdlib_build_new_28_7985003/build/src-mt_pth/system/src/Clock/difftime.o for target `mt_pth'[0m
[ 38%] [34m[1mGenerating /home/rhensen/tmp_stdlib_build_new_28_7985003/build/src-mt_pth/system/src/Clock/extracttime.o for target `mt_pth'[0m
[ 38%] [34m[1mGenerating /home/rhensen/tmp_stdlib_build_new_28_7985003/build/src-mt_pth/system/src/Clock/gettime.o for target `mt_pth'[0m
[ 39%] [34m[1mGenerating /home/rhensen/tmp_stdlib_build_new_28_7985003/build/src-mt_pth/system/src/Clock/isdst.o for target `mt_pth'[0m
[ 39%] [34m[1mGenerating /home/rhensen/tmp_stdlib_build_new_28_7985003/build/src-mt_pth/system/src/Clock/isleap.o for target `mt_pth'[0m
[ 39%] [34m[1mGenerating /home/rhensen/tmp_stdlib_build_new_28_7985003/build/src-mt_pth/system/src/Clock/mktime.o for target `mt_pth'[0m
[ 39%] [34m[1mGenerating /home/rhensen/tmp_stdlib_build_new_28_7985003/build/src-mt_pth/system/src/Clock/sleep.o for target `mt_pth'[0m
[ 40%] [34m[1mGenerating /home/rhensen/tmp_stdlib_build_new_28_7985003/build/src-mt_pth/system/src/Clock/strftime.o for target `mt_pth'[0m
[ 40%] [34m[1mGenerating /home/rhensen/tmp_stdlib_build_new_28_7985003/build/src-mt_pth/system/src/Clock/strptime.o for target `mt_pth'[0m
[ 40%] [34m[1mGenerating /home/rhensen/tmp_stdlib_build_new_28_7985003/build/src-mt_pth/system/src/Clock/to_time.o for target `mt_pth'[0m
[ 40%] [34m[1mBuilding module `Clock' for target `mt_pth'[0m
make[3]: Leaving directory '/home/rhensen/tmp_stdlib_build_new_28_7985003/build'
[ 40%] Built target mt_pth-module-Clock
make[3]: Entering directory '/home/rhensen/tmp_stdlib_build_new_28_7985003/build'
[35m[1mScanning dependencies of target mt_pth-module-CommandLine[0m
make[3]: Leaving directory '/home/rhensen/tmp_stdlib_build_new_28_7985003/build'
make[3]: Entering directory '/home/rhensen/tmp_stdlib_build_new_28_7985003/build'
[ 41%] [34m[1mGenerating /home/rhensen/tmp_stdlib_build_new_28_7985003/build/src-mt_pth/system/src/CommandLine/CommandLine.o for target `mt_pth'[0m
[ 41%] [34m[1mBuilding module `CommandLine' for target `mt_pth'[0m
make[3]: Leaving directory '/home/rhensen/tmp_stdlib_build_new_28_7985003/build'
[ 41%] Built target mt_pth-module-CommandLine
make[3]: Entering directory '/home/rhensen/tmp_stdlib_build_new_28_7985003/build'
[35m[1mScanning dependencies of target mt_pth-module-Environment[0m
make[3]: Leaving directory '/home/rhensen/tmp_stdlib_build_new_28_7985003/build'
make[3]: Entering directory '/home/rhensen/tmp_stdlib_build_new_28_7985003/build'
[ 41%] [34m[1mGenerating /home/rhensen/tmp_stdlib_build_new_28_7985003/build/src-mt_pth/system/src/Environment/Env.o for target `mt_pth'[0m
[ 41%] [34m[1mGenerating /home/rhensen/tmp_stdlib_build_new_28_7985003/build/src-mt_pth/system/src/Environment/Environ.o for target `mt_pth'[0m
[ 42%] [34m[1mGenerating /home/rhensen/tmp_stdlib_build_new_28_7985003/build/src-mt_pth/system/src/Environment/ExistEnv.o for target `mt_pth'[0m
[ 42%] [34m[1mGenerating /home/rhensen/tmp_stdlib_build_new_28_7985003/build/src-mt_pth/system/src/Environment/GetEnv.o for target `mt_pth'[0m
[ 42%] [34m[1mGenerating /home/rhensen/tmp_stdlib_build_new_28_7985003/build/src-mt_pth/system/src/Environment/SetEnv.o for target `mt_pth'[0m
[ 42%] [34m[1mGenerating /home/rhensen/tmp_stdlib_build_new_28_7985003/build/src-mt_pth/system/src/Environment/UnsetEnv.o for target `mt_pth'[0m
[ 42%] [34m[1mBuilding module `Environment' for target `mt_pth'[0m
make[3]: Leaving directory '/home/rhensen/tmp_stdlib_build_new_28_7985003/build'
[ 42%] Built target mt_pth-module-Environment
make[3]: Entering directory '/home/rhensen/tmp_stdlib_build_new_28_7985003/build'
[35m[1mScanning dependencies of target mt_pth-module-GetOpt[0m
make[3]: Leaving directory '/home/rhensen/tmp_stdlib_build_new_28_7985003/build'
make[3]: Entering directory '/home/rhensen/tmp_stdlib_build_new_28_7985003/build'
[ 42%] [34m[1mGenerating /home/rhensen/tmp_stdlib_build_new_28_7985003/build/src-mt_pth/system/src/GetOpt/getopt.o for target `mt_pth'[0m
[ 42%] [34m[1mBuilding module `GetOpt' for target `mt_pth'[0m
make[3]: Leaving directory '/home/rhensen/tmp_stdlib_build_new_28_7985003/build'
[ 42%] Built target mt_pth-module-GetOpt
make[3]: Entering directory '/home/rhensen/tmp_stdlib_build_new_28_7985003/build'
[35m[1mScanning dependencies of target mt_pth-module-RTimer[0m
make[3]: Leaving directory '/home/rhensen/tmp_stdlib_build_new_28_7985003/build'
make[3]: Entering directory '/home/rhensen/tmp_stdlib_build_new_28_7985003/build'
[ 42%] [34m[1mGenerating /home/rhensen/tmp_stdlib_build_new_28_7985003/build/src-mt_pth/system/src/RTimer/rtimer.o for target `mt_pth'[0m
[ 43%] [34m[1mBuilding module `RTimer' for target `mt_pth'[0m
make[3]: Leaving directory '/home/rhensen/tmp_stdlib_build_new_28_7985003/build'
[ 43%] Built target mt_pth-module-RTimer
make[3]: Entering directory '/home/rhensen/tmp_stdlib_build_new_28_7985003/build'
make[3]: Leaving directory '/home/rhensen/tmp_stdlib_build_new_28_7985003/build'
make[3]: Entering directory '/home/rhensen/tmp_stdlib_build_new_28_7985003/build'
[ 43%] [34m[1mBuilding module `MathArray' for target `seq'[0m
make[3]: Leaving directory '/home/rhensen/tmp_stdlib_build_new_28_7985003/build'
[ 43%] Built target seq-module-MathArray
make[3]: Entering directory '/home/rhensen/tmp_stdlib_build_new_28_7985003/build'
make[3]: Leaving directory '/home/rhensen/tmp_stdlib_build_new_28_7985003/build'
make[3]: Entering directory '/home/rhensen/tmp_stdlib_build_new_28_7985003/build'
[ 43%] [34m[1mBuilding module `ComplexBasics' for target `seq'[0m
make[3]: Leaving directory '/home/rhensen/tmp_stdlib_build_new_28_7985003/build'
[ 43%] Built target seq-module-ComplexBasics
make[3]: Entering directory '/home/rhensen/tmp_stdlib_build_new_28_7985003/build'
[35m[1mScanning dependencies of target seq-module-Xoshiro[0m
make[3]: Leaving directory '/home/rhensen/tmp_stdlib_build_new_28_7985003/build'
make[3]: Entering directory '/home/rhensen/tmp_stdlib_build_new_28_7985003/build'
[ 44%] [34m[1mGenerating /home/rhensen/tmp_stdlib_build_new_28_7985003/build/src-seq/random/src/Xoshiro.o for target `seq'[0m
[ 44%] [34m[1mBuilding module `Xoshiro' for target `seq'[0m
make[3]: Leaving directory '/home/rhensen/tmp_stdlib_build_new_28_7985003/build'
[ 44%] Built target seq-module-Xoshiro
make[3]: Entering directory '/home/rhensen/tmp_stdlib_build_new_28_7985003/build'
[35m[1mScanning dependencies of target seq-module-SysErr[0m
make[3]: Leaving directory '/home/rhensen/tmp_stdlib_build_new_28_7985003/build'
make[3]: Entering directory '/home/rhensen/tmp_stdlib_build_new_28_7985003/build'
[ 44%] [34m[1mGenerating /home/rhensen/tmp_stdlib_build_new_28_7985003/build/src-seq/system/src/SysErr/errorcode.o for target `seq'[0m
[ 44%] [34m[1mGenerating /home/rhensen/tmp_stdlib_build_new_28_7985003/build/src-seq/system/src/SysErr/failsucc.o for target `seq'[0m
[ 44%] [34m[1mGenerating /home/rhensen/tmp_stdlib_build_new_28_7985003/build/src-seq/system/src/SysErr/strerror.o for target `seq'[0m
[ 44%] [34m[1mBuilding module `SysErr' for target `seq'[0m
make[3]: Leaving directory '/home/rhensen/tmp_stdlib_build_new_28_7985003/build'
[ 44%] Built target seq-module-SysErr
make[3]: Entering directory '/home/rhensen/tmp_stdlib_build_new_28_7985003/build'
[35m[1mScanning dependencies of target seq-module-TermFile[0m
make[3]: Leaving directory '/home/rhensen/tmp_stdlib_build_new_28_7985003/build'
make[3]: Entering directory '/home/rhensen/tmp_stdlib_build_new_28_7985003/build'
[ 44%] [34m[1mGenerating /home/rhensen/tmp_stdlib_build_new_28_7985003/build/src-seq/stdio/src/TermFile/feof.o for target `seq'[0m
[ 44%] [34m[1mGenerating /home/rhensen/tmp_stdlib_build_new_28_7985003/build/src-seq/stdio/src/TermFile/fflush.o for target `seq'[0m
[ 44%] [34m[1mGenerating /home/rhensen/tmp_stdlib_build_new_28_7985003/build/src-seq/stdio/src/TermFile/fgetc.o for target `seq'[0m
[ 45%] [34m[1mGenerating /home/rhensen/tmp_stdlib_build_new_28_7985003/build/src-seq/stdio/src/TermFile/fprintf.o for target `seq'[0m
[ 45%] [34m[1mGenerating /home/rhensen/tmp_stdlib_build_new_28_7985003/build/src-seq/stdio/src/TermFile/fputc.o for target `seq'[0m
[ 45%] [34m[1mGenerating /home/rhensen/tmp_stdlib_build_new_28_7985003/build/src-seq/stdio/src/TermFile/fputs.o for target `seq'[0m
[ 45%] [34m[1mGenerating /home/rhensen/tmp_stdlib_build_new_28_7985003/build/src-seq/stdio/src/TermFile/fscanf.o for target `seq'[0m
[ 45%] [34m[1mGenerating /home/rhensen/tmp_stdlib_build_new_28_7985003/build/src-seq/stdio/src/TermFile/fscanl.o for target `seq'[0m
[ 46%] [34m[1mGenerating /home/rhensen/tmp_stdlib_build_new_28_7985003/build/src-seq/stdio/src/TermFile/fscans.o for target `seq'[0m
[ 46%] [34m[1mGenerating /home/rhensen/tmp_stdlib_build_new_28_7985003/build/src-seq/stdio/src/TermFile/printf.o for target `seq'[0m
[ 46%] [34m[1mGenerating /home/rhensen/tmp_stdlib_build_new_28_7985003/build/src-seq/stdio/src/TermFile/puts.o for target `seq'[0m
[ 46%] [34m[1mGenerating /home/rhensen/tmp_stdlib_build_new_28_7985003/build/src-seq/stdio/src/TermFile/scanf.o for target `seq'[0m
[ 46%] [34m[1mGenerating /home/rhensen/tmp_stdlib_build_new_28_7985003/build/src-seq/stdio/src/TermFile/stdstreams.o for target `seq'[0m
[ 47%] [34m[1mGenerating /home/rhensen/tmp_stdlib_build_new_28_7985003/build/src-seq/stdio/src/TermFile/ungetc.o for target `seq'[0m
[ 47%] [34m[1mBuilding module `TermFile' for target `seq'[0m
make[3]: Leaving directory '/home/rhensen/tmp_stdlib_build_new_28_7985003/build'
[ 47%] Built target seq-module-TermFile
make[3]: Entering directory '/home/rhensen/tmp_stdlib_build_new_28_7985003/build'
make[3]: Leaving directory '/home/rhensen/tmp_stdlib_build_new_28_7985003/build'
make[3]: Entering directory '/home/rhensen/tmp_stdlib_build_new_28_7985003/build'
[ 47%] [34m[1mBuilding `ComplexArrayBasics.sac' from `ComplexArrayBasics.xsac' for target `seq'[0m
[ 47%] [34m[1mBuilding module `ComplexArrayBasics' for target `seq'[0m
make[3]: Leaving directory '/home/rhensen/tmp_stdlib_build_new_28_7985003/build'
[ 47%] Built target seq-module-ComplexArrayBasics
make[3]: Entering directory '/home/rhensen/tmp_stdlib_build_new_28_7985003/build'
make[3]: Leaving directory '/home/rhensen/tmp_stdlib_build_new_28_7985003/build'
make[3]: Entering directory '/home/rhensen/tmp_stdlib_build_new_28_7985003/build'
[ 48%] [34m[1mBuilding module `Indent' for target `seq'[0m
make[3]: Leaving directory '/home/rhensen/tmp_stdlib_build_new_28_7985003/build'
[ 48%] Built target seq-module-Indent
make[3]: Entering directory '/home/rhensen/tmp_stdlib_build_new_28_7985003/build'
make[3]: Leaving directory '/home/rhensen/tmp_stdlib_build_new_28_7985003/build'
make[3]: Entering directory '/home/rhensen/tmp_stdlib_build_new_28_7985003/build'
[ 49%] [34m[1mBuilding module `MathArray' for target `mt_pth'[0m
make[3]: Leaving directory '/home/rhensen/tmp_stdlib_build_new_28_7985003/build'
[ 49%] Built target seq-module-ArrayTransform
make[3]: Entering directory '/home/rhensen/tmp_stdlib_build_new_28_7985003/build'
make[3]: Leaving directory '/home/rhensen/tmp_stdlib_build_new_28_7985003/build'
make[3]: Entering directory '/home/rhensen/tmp_stdlib_build_new_28_7985003/build'
[ 49%] [34m[1mBuilding module `ComplexBasics' for target `mt_pth'[0m
make[3]: Leaving directory '/home/rhensen/tmp_stdlib_build_new_28_7985003/build'
[ 49%] Built target mt_pth-module-ComplexBasics
make[3]: Entering directory '/home/rhensen/tmp_stdlib_build_new_28_7985003/build'
[35m[1mScanning dependencies of target mt_pth-module-Xoshiro[0m
make[3]: Leaving directory '/home/rhensen/tmp_stdlib_build_new_28_7985003/build'
make[3]: Entering directory '/home/rhensen/tmp_stdlib_build_new_28_7985003/build'
[ 50%] [34m[1mGenerating /home/rhensen/tmp_stdlib_build_new_28_7985003/build/src-mt_pth/random/src/Xoshiro.o for target `mt_pth'[0m
make[3]: Leaving directory '/home/rhensen/tmp_stdlib_build_new_28_7985003/build'
[ 50%] Built target mt_pth-module-MathArray
make[3]: Entering directory '/home/rhensen/tmp_stdlib_build_new_28_7985003/build'
[35m[1mScanning dependencies of target mt_pth-module-SysErr[0m
make[3]: Leaving directory '/home/rhensen/tmp_stdlib_build_new_28_7985003/build'
make[3]: Entering directory '/home/rhensen/tmp_stdlib_build_new_28_7985003/build'
[ 50%] [34m[1mGenerating /home/rhensen/tmp_stdlib_build_new_28_7985003/build/src-mt_pth/system/src/SysErr/errorcode.o for target `mt_pth'[0m
[ 50%] [34m[1mBuilding module `Xoshiro' for target `mt_pth'[0m
make[3]: Leaving directory '/home/rhensen/tmp_stdlib_build_new_28_7985003/build'
[ 50%] Built target mt_pth-module-ArrayArith
make[3]: Entering directory '/home/rhensen/tmp_stdlib_build_new_28_7985003/build'
[ 50%] [34m[1mGenerating /home/rhensen/tmp_stdlib_build_new_28_7985003/build/src-mt_pth/system/src/SysErr/failsucc.o for target `mt_pth'[0m
[35m[1mScanning dependencies of target mt_pth-module-TermFile[0m
make[3]: Leaving directory '/home/rhensen/tmp_stdlib_build_new_28_7985003/build'
make[3]: Entering directory '/home/rhensen/tmp_stdlib_build_new_28_7985003/build'
[ 50%] [34m[1mGenerating /home/rhensen/tmp_stdlib_build_new_28_7985003/build/src-mt_pth/stdio/src/TermFile/feof.o for target `mt_pth'[0m
[ 50%] [34m[1mGenerating /home/rhensen/tmp_stdlib_build_new_28_7985003/build/src-mt_pth/system/src/SysErr/strerror.o for target `mt_pth'[0m
[ 50%] [34m[1mGenerating /home/rhensen/tmp_stdlib_build_new_28_7985003/build/src-mt_pth/stdio/src/TermFile/fflush.o for target `mt_pth'[0m
[ 50%] [34m[1mBuilding module `SysErr' for target `mt_pth'[0m
[ 50%] [34m[1mGenerating /home/rhensen/tmp_stdlib_build_new_28_7985003/build/src-mt_pth/stdio/src/TermFile/fgetc.o for target `mt_pth'[0m
[ 51%] [34m[1mGenerating /home/rhensen/tmp_stdlib_build_new_28_7985003/build/src-mt_pth/stdio/src/TermFile/fprintf.o for target `mt_pth'[0m
[ 51%] [34m[1mGenerating /home/rhensen/tmp_stdlib_build_new_28_7985003/build/src-mt_pth/stdio/src/TermFile/fputc.o for target `mt_pth'[0m
[ 51%] [34m[1mGenerating /home/rhensen/tmp_stdlib_build_new_28_7985003/build/src-mt_pth/stdio/src/TermFile/fputs.o for target `mt_pth'[0m
[ 51%] [34m[1mGenerating /home/rhensen/tmp_stdlib_build_new_28_7985003/build/src-mt_pth/stdio/src/TermFile/fscanf.o for target `mt_pth'[0m
[ 52%] [34m[1mGenerating /home/rhensen/tmp_stdlib_build_new_28_7985003/build/src-mt_pth/stdio/src/TermFile/fscanl.o for target `mt_pth'[0m
[ 52%] [34m[1mGenerating /home/rhensen/tmp_stdlib_build_new_28_7985003/build/src-mt_pth/stdio/src/TermFile/fscans.o for target `mt_pth'[0m
[ 52%] [34m[1mGenerating /home/rhensen/tmp_stdlib_build_new_28_7985003/build/src-mt_pth/stdio/src/TermFile/printf.o for target `mt_pth'[0m
[ 52%] [34m[1mGenerating /home/rhensen/tmp_stdlib_build_new_28_7985003/build/src-mt_pth/stdio/src/TermFile/puts.o for target `mt_pth'[0m
[ 52%] [34m[1mGenerating /home/rhensen/tmp_stdlib_build_new_28_7985003/build/src-mt_pth/stdio/src/TermFile/scanf.o for target `mt_pth'[0m
[ 53%] [34m[1mGenerating /home/rhensen/tmp_stdlib_build_new_28_7985003/build/src-mt_pth/stdio/src/TermFile/stdstreams.o for target `mt_pth'[0m
[ 53%] [34m[1mGenerating /home/rhensen/tmp_stdlib_build_new_28_7985003/build/src-mt_pth/stdio/src/TermFile/ungetc.o for target `mt_pth'[0m
[ 53%] [34m[1mBuilding module `TermFile' for target `mt_pth'[0m
make[3]: Leaving directory '/home/rhensen/tmp_stdlib_build_new_28_7985003/build'
[ 53%] Built target mt_pth-module-SysErr
make[3]: Entering directory '/home/rhensen/tmp_stdlib_build_new_28_7985003/build'
make[3]: Leaving directory '/home/rhensen/tmp_stdlib_build_new_28_7985003/build'
make[3]: Entering directory '/home/rhensen/tmp_stdlib_build_new_28_7985003/build'
[ 54%] [34m[1mBuilding `ComplexArrayBasics.sac' from `ComplexArrayBasics.xsac' for target `mt_pth'[0m
[ 54%] [34m[1mBuilding module `ComplexArrayBasics' for target `mt_pth'[0m
make[3]: Leaving directory '/home/rhensen/tmp_stdlib_build_new_28_7985003/build'
[ 54%] Built target mt_pth-module-TermFile
make[3]: Entering directory '/home/rhensen/tmp_stdlib_build_new_28_7985003/build'
make[3]: Leaving directory '/home/rhensen/tmp_stdlib_build_new_28_7985003/build'
make[3]: Entering directory '/home/rhensen/tmp_stdlib_build_new_28_7985003/build'
[ 54%] [34m[1mBuilding module `ComplexScalarArith' for target `seq'[0m
make[3]: Leaving directory '/home/rhensen/tmp_stdlib_build_new_28_7985003/build'
[ 54%] Built target seq-module-ComplexScalarArith
make[3]: Entering directory '/home/rhensen/tmp_stdlib_build_new_28_7985003/build'
[35m[1mScanning dependencies of target seq-module-FileSystem[0m
make[3]: Leaving directory '/home/rhensen/tmp_stdlib_build_new_28_7985003/build'
make[3]: Entering directory '/home/rhensen/tmp_stdlib_build_new_28_7985003/build'
[ 54%] [34m[1mGenerating /home/rhensen/tmp_stdlib_build_new_28_7985003/build/src-seq/system/src/FileSystem/access.o for target `seq'[0m
[ 54%] [34m[1mGenerating /home/rhensen/tmp_stdlib_build_new_28_7985003/build/src-seq/system/src/FileSystem/dir.o for target `seq'[0m
[ 54%] [34m[1mGenerating /home/rhensen/tmp_stdlib_build_new_28_7985003/build/src-seq/system/src/FileSystem/filesys.o for target `seq'[0m
[ 54%] [34m[1mGenerating /home/rhensen/tmp_stdlib_build_new_28_7985003/build/src-seq/system/src/FileSystem/mktemp.o for target `seq'[0m
[ 55%] [34m[1mGenerating /home/rhensen/tmp_stdlib_build_new_28_7985003/build/src-seq/system/src/FileSystem/pltmp.o for target `seq'[0m
[ 55%] [34m[1mGenerating /home/rhensen/tmp_stdlib_build_new_28_7985003/build/src-seq/system/src/FileSystem/remove.o for target `seq'[0m
[ 55%] [34m[1mGenerating /home/rhensen/tmp_stdlib_build_new_28_7985003/build/src-seq/system/src/FileSystem/rename.o for target `seq'[0m
[ 55%] [34m[1mGenerating /home/rhensen/tmp_stdlib_build_new_28_7985003/build/src-seq/system/src/FileSystem/symlink.o for target `seq'[0m
[ 55%] [34m[1mGenerating /home/rhensen/tmp_stdlib_build_new_28_7985003/build/src-seq/system/src/FileSystem/testfile.o for target `seq'[0m
[ 56%] [34m[1mBuilding module `FileSystem' for target `seq'[0m
make[3]: Leaving directory '/home/rhensen/tmp_stdlib_build_new_28_7985003/build'
[ 56%] Built target seq-module-FileSystem
make[3]: Entering directory '/home/rhensen/tmp_stdlib_build_new_28_7985003/build'
make[3]: Leaving directory '/home/rhensen/tmp_stdlib_build_new_28_7985003/build'
make[3]: Entering directory '/home/rhensen/tmp_stdlib_build_new_28_7985003/build'
[ 56%] [34m[1mBuilding module `Array' for target `seq'[0m
make[3]: Leaving directory '/home/rhensen/tmp_stdlib_build_new_28_7985003/build'
[ 56%] Built target mt_pth-module-ComplexArrayBasics
make[3]: Entering directory '/home/rhensen/tmp_stdlib_build_new_28_7985003/build'
make[3]: Leaving directory '/home/rhensen/tmp_stdlib_build_new_28_7985003/build'
make[3]: Entering directory '/home/rhensen/tmp_stdlib_build_new_28_7985003/build'
[ 56%] [34m[1mBuilding `ComplexArrayTransform.sac' from `ComplexArrayTransform.xsac' for target `seq'[0m
[ 57%] [34m[1mBuilding module `ComplexArrayTransform' for target `seq'[0m
make[3]: Leaving directory '/home/rhensen/tmp_stdlib_build_new_28_7985003/build'
[ 57%] Built target mt_pth-module-Xoshiro
make[3]: Entering directory '/home/rhensen/tmp_stdlib_build_new_28_7985003/build'
make[3]: Leaving directory '/home/rhensen/tmp_stdlib_build_new_28_7985003/build'
make[3]: Entering directory '/home/rhensen/tmp_stdlib_build_new_28_7985003/build'
[ 57%] [34m[1mBuilding `ComplexArrayArith.sac' from `ComplexArrayArith.xsac' for target `seq'[0m
[ 57%] [34m[1mBuilding module `ComplexArrayArith' for target `seq'[0m
make[3]: Leaving directory '/home/rhensen/tmp_stdlib_build_new_28_7985003/build'
[ 57%] Built target seq-module-ComplexArrayTransform
make[3]: Entering directory '/home/rhensen/tmp_stdlib_build_new_28_7985003/build'
[35m[1mScanning dependencies of target seq-module-Dir[0m
make[3]: Leaving directory '/home/rhensen/tmp_stdlib_build_new_28_7985003/build'
make[3]: Entering directory '/home/rhensen/tmp_stdlib_build_new_28_7985003/build'
[ 58%] [34m[1mGenerating /home/rhensen/tmp_stdlib_build_new_28_7985003/build/src-seq/system/src/Dir/closedir.o for target `seq'[0m
[ 58%] [34m[1mGenerating /home/rhensen/tmp_stdlib_build_new_28_7985003/build/src-seq/system/src/Dir/opendir.o for target `seq'[0m
[ 58%] [34m[1mGenerating /home/rhensen/tmp_stdlib_build_new_28_7985003/build/src-seq/system/src/Dir/readdir.o for target `seq'[0m
[ 58%] [34m[1mGenerating /home/rhensen/tmp_stdlib_build_new_28_7985003/build/src-seq/system/src/Dir/rewinddir.o for target `seq'[0m
[ 58%] [34m[1mGenerating /home/rhensen/tmp_stdlib_build_new_28_7985003/build/src-seq/system/src/Dir/seekdir.o for target `seq'[0m
[ 59%] [34m[1mGenerating /home/rhensen/tmp_stdlib_build_new_28_7985003/build/src-seq/system/src/Dir/telldir.o for target `seq'[0m
[ 59%] [34m[1mBuilding module `Dir' for target `seq'[0m
make[3]: Leaving directory '/home/rhensen/tmp_stdlib_build_new_28_7985003/build'
[ 59%] Built target seq-module-Dir
make[3]: Entering directory '/home/rhensen/tmp_stdlib_build_new_28_7985003/build'
make[3]: Leaving directory '/home/rhensen/tmp_stdlib_build_new_28_7985003/build'
make[3]: Entering directory '/home/rhensen/tmp_stdlib_build_new_28_7985003/build'
[ 60%] [34m[1mBuilding module `System' for target `seq'[0m
make[3]: Leaving directory '/home/rhensen/tmp_stdlib_build_new_28_7985003/build'
[ 60%] Built target seq-module-System
make[3]: Entering directory '/home/rhensen/tmp_stdlib_build_new_28_7985003/build'
make[3]: Leaving directory '/home/rhensen/tmp_stdlib_build_new_28_7985003/build'
make[3]: Entering directory '/home/rhensen/tmp_stdlib_build_new_28_7985003/build'
[ 60%] [34m[1mBuilding module `ComplexScalarArith' for target `mt_pth'[0m
make[3]: Leaving directory '/home/rhensen/tmp_stdlib_build_new_28_7985003/build'
[ 60%] Built target mt_pth-module-ComplexScalarArith
make[3]: Entering directory '/home/rhensen/tmp_stdlib_build_new_28_7985003/build'
[35m[1mScanning dependencies of target mt_pth-module-FileSystem[0m
make[3]: Leaving directory '/home/rhensen/tmp_stdlib_build_new_28_7985003/build'
make[3]: Entering directory '/home/rhensen/tmp_stdlib_build_new_28_7985003/build'
[ 60%] [34m[1mGenerating /home/rhensen/tmp_stdlib_build_new_28_7985003/build/src-mt_pth/system/src/FileSystem/access.o for target `mt_pth'[0m
[ 60%] [34m[1mGenerating /home/rhensen/tmp_stdlib_build_new_28_7985003/build/src-mt_pth/system/src/FileSystem/dir.o for target `mt_pth'[0m
[ 60%] [34m[1mGenerating /home/rhensen/tmp_stdlib_build_new_28_7985003/build/src-mt_pth/system/src/FileSystem/filesys.o for target `mt_pth'[0m
[ 61%] [34m[1mGenerating /home/rhensen/tmp_stdlib_build_new_28_7985003/build/src-mt_pth/system/src/FileSystem/mktemp.o for target `mt_pth'[0m
[ 61%] [34m[1mGenerating /home/rhensen/tmp_stdlib_build_new_28_7985003/build/src-mt_pth/system/src/FileSystem/pltmp.o for target `mt_pth'[0m
[ 61%] [34m[1mGenerating /home/rhensen/tmp_stdlib_build_new_28_7985003/build/src-mt_pth/system/src/FileSystem/remove.o for target `mt_pth'[0m
[ 61%] [34m[1mGenerating /home/rhensen/tmp_stdlib_build_new_28_7985003/build/src-mt_pth/system/src/FileSystem/rename.o for target `mt_pth'[0m
[ 61%] [34m[1mGenerating /home/rhensen/tmp_stdlib_build_new_28_7985003/build/src-mt_pth/system/src/FileSystem/symlink.o for target `mt_pth'[0m
[ 62%] [34m[1mGenerating /home/rhensen/tmp_stdlib_build_new_28_7985003/build/src-mt_pth/system/src/FileSystem/testfile.o for target `mt_pth'[0m
[ 63%] [34m[1mBuilding module `FileSystem' for target `mt_pth'[0m
make[3]: Leaving directory '/home/rhensen/tmp_stdlib_build_new_28_7985003/build'
[ 63%] Built target mt_pth-module-FileSystem
make[3]: Entering directory '/home/rhensen/tmp_stdlib_build_new_28_7985003/build'
make[3]: Leaving directory '/home/rhensen/tmp_stdlib_build_new_28_7985003/build'
make[3]: Leaving directory '/home/rhensen/tmp_stdlib_build_new_28_7985003/build'
make[3]: Entering directory '/home/rhensen/tmp_stdlib_build_new_28_7985003/build'
[ 63%] [34m[1mBuilding `ComplexArrayTransform.sac' from `ComplexArrayTransform.xsac' for target `mt_pth'[0m
[ 63%] Built target seq-module-ComplexArrayArith
make[3]: Entering directory '/home/rhensen/tmp_stdlib_build_new_28_7985003/build'
[ 63%] [34m[1mBuilding module `ComplexArrayTransform' for target `mt_pth'[0m
make[3]: Leaving directory '/home/rhensen/tmp_stdlib_build_new_28_7985003/build'
make[3]: Entering directory '/home/rhensen/tmp_stdlib_build_new_28_7985003/build'
[ 63%] [34m[1mBuilding `ComplexArrayArith.sac' from `ComplexArrayArith.xsac' for target `mt_pth'[0m
[ 63%] [34m[1mBuilding module `ComplexArrayArith' for target `mt_pth'[0m
make[3]: Leaving directory '/home/rhensen/tmp_stdlib_build_new_28_7985003/build'
[ 63%] Built target seq-module-Array
make[3]: Entering directory '/home/rhensen/tmp_stdlib_build_new_28_7985003/build'
[35m[1mScanning dependencies of target mt_pth-module-Dir[0m
make[3]: Leaving directory '/home/rhensen/tmp_stdlib_build_new_28_7985003/build'
make[3]: Entering directory '/home/rhensen/tmp_stdlib_build_new_28_7985003/build'
[ 64%] [34m[1mGenerating /home/rhensen/tmp_stdlib_build_new_28_7985003/build/src-mt_pth/system/src/Dir/closedir.o for target `mt_pth'[0m
[ 64%] [34m[1mGenerating /home/rhensen/tmp_stdlib_build_new_28_7985003/build/src-mt_pth/system/src/Dir/opendir.o for target `mt_pth'[0m
[ 64%] [34m[1mGenerating /home/rhensen/tmp_stdlib_build_new_28_7985003/build/src-mt_pth/system/src/Dir/readdir.o for target `mt_pth'[0m
[ 64%] [34m[1mGenerating /home/rhensen/tmp_stdlib_build_new_28_7985003/build/src-mt_pth/system/src/Dir/rewinddir.o for target `mt_pth'[0m
[ 64%] [34m[1mGenerating /home/rhensen/tmp_stdlib_build_new_28_7985003/build/src-mt_pth/system/src/Dir/seekdir.o for target `mt_pth'[0m
[ 65%] [34m[1mGenerating /home/rhensen/tmp_stdlib_build_new_28_7985003/build/src-mt_pth/system/src/Dir/telldir.o for target `mt_pth'[0m
[ 65%] [34m[1mBuilding module `Dir' for target `mt_pth'[0m
make[3]: Leaving directory '/home/rhensen/tmp_stdlib_build_new_28_7985003/build'
[ 65%] Built target mt_pth-module-Dir
make[3]: Entering directory '/home/rhensen/tmp_stdlib_build_new_28_7985003/build'
make[3]: Leaving directory '/home/rhensen/tmp_stdlib_build_new_28_7985003/build'
make[3]: Entering directory '/home/rhensen/tmp_stdlib_build_new_28_7985003/build'
[ 66%] [34m[1mBuilding module `System' for target `mt_pth'[0m
make[3]: Leaving directory '/home/rhensen/tmp_stdlib_build_new_28_7985003/build'
[ 66%] Built target mt_pth-module-ComplexArrayTransform
make[3]: Entering directory '/home/rhensen/tmp_stdlib_build_new_28_7985003/build'
make[3]: Leaving directory '/home/rhensen/tmp_stdlib_build_new_28_7985003/build'
make[3]: Entering directory '/home/rhensen/tmp_stdlib_build_new_28_7985003/build'
[ 66%] [34m[1mBuilding module `Indent' for target `mt_pth'[0m
make[3]: Leaving directory '/home/rhensen/tmp_stdlib_build_new_28_7985003/build'
[ 66%] Built target mt_pth-module-Indent
make[3]: Entering directory '/home/rhensen/tmp_stdlib_build_new_28_7985003/build'
make[3]: Leaving directory '/home/rhensen/tmp_stdlib_build_new_28_7985003/build'
make[3]: Entering directory '/home/rhensen/tmp_stdlib_build_new_28_7985003/build'
[ 67%] [34m[1mBuilding module `ComplexMath' for target `seq'[0m
make[3]: Leaving directory '/home/rhensen/tmp_stdlib_build_new_28_7985003/build'
[ 67%] Built target mt_pth-module-System
make[3]: Entering directory '/home/rhensen/tmp_stdlib_build_new_28_7985003/build'
[35m[1mScanning dependencies of target seq-module-BinFile[0m
make[3]: Leaving directory '/home/rhensen/tmp_stdlib_build_new_28_7985003/build'
make[3]: Entering directory '/home/rhensen/tmp_stdlib_build_new_28_7985003/build'
[ 67%] [34m[1mGenerating /home/rhensen/tmp_stdlib_build_new_28_7985003/build/src-seq/stdio/src/BinFile/binfReadDblArr.o for target `seq'[0m
[ 67%] [34m[1mGenerating /home/rhensen/tmp_stdlib_build_new_28_7985003/build/src-seq/stdio/src/BinFile/binfWriteDblArr.o for target `seq'[0m
[ 67%] [34m[1mGenerating /home/rhensen/tmp_stdlib_build_new_28_7985003/build/src-seq/stdio/src/BinFile/binfclose.o for target `seq'[0m
[ 67%] [34m[1mGenerating /home/rhensen/tmp_stdlib_build_new_28_7985003/build/src-seq/stdio/src/BinFile/binfflags.o for target `seq'[0m
[ 68%] [34m[1mGenerating /home/rhensen/tmp_stdlib_build_new_28_7985003/build/src-seq/stdio/src/BinFile/binfopen.o for target `seq'[0m
[ 69%] [34m[1mBuilding module `BinFile' for target `seq'[0m
make[3]: Leaving directory '/home/rhensen/tmp_stdlib_build_new_28_7985003/build'
[ 69%] Built target seq-module-BinFile
make[3]: Entering directory '/home/rhensen/tmp_stdlib_build_new_28_7985003/build'
[35m[1mScanning dependencies of target seq-module-File[0m
make[3]: Leaving directory '/home/rhensen/tmp_stdlib_build_new_28_7985003/build'
make[3]: Leaving directory '/home/rhensen/tmp_stdlib_build_new_28_7985003/build'
make[3]: Entering directory '/home/rhensen/tmp_stdlib_build_new_28_7985003/build'
[ 69%] [34m[1mGenerating /home/rhensen/tmp_stdlib_build_new_28_7985003/build/src-seq/stdio/src/File/fclose.o for target `seq'[0m
[ 69%] Built target seq-module-ComplexMath
make[3]: Entering directory '/home/rhensen/tmp_stdlib_build_new_28_7985003/build'
make[3]: Leaving directory '/home/rhensen/tmp_stdlib_build_new_28_7985003/build'
make[3]: Entering directory '/home/rhensen/tmp_stdlib_build_new_28_7985003/build'
[ 69%] [34m[1mBuilding module `ArrayFormat' for target `seq'[0m
[ 69%] [34m[1mGenerating /home/rhensen/tmp_stdlib_build_new_28_7985003/build/src-seq/stdio/src/File/feof.o for target `seq'[0m
[ 70%] [34m[1mGenerating /home/rhensen/tmp_stdlib_build_new_28_7985003/build/src-seq/stdio/src/File/fflush.o for target `seq'[0m
[ 70%] [34m[1mGenerating /home/rhensen/tmp_stdlib_build_new_28_7985003/build/src-seq/stdio/src/File/fgetc.o for target `seq'[0m
[ 70%] [34m[1mGenerating /home/rhensen/tmp_stdlib_build_new_28_7985003/build/src-seq/stdio/src/File/fopen.o for target `seq'[0m
[ 70%] [34m[1mGenerating /home/rhensen/tmp_stdlib_build_new_28_7985003/build/src-seq/stdio/src/File/fprintf.o for target `seq'[0m
[ 70%] [34m[1mGenerating /home/rhensen/tmp_stdlib_build_new_28_7985003/build/src-seq/stdio/src/File/fputc.o for target `seq'[0m
[ 71%] [34m[1mGenerating /home/rhensen/tmp_stdlib_build_new_28_7985003/build/src-seq/stdio/src/File/fputs.o for target `seq'[0m
[ 71%] [34m[1mGenerating /home/rhensen/tmp_stdlib_build_new_28_7985003/build/src-seq/stdio/src/File/fscanf.o for target `seq'[0m
[ 71%] [34m[1mGenerating /home/rhensen/tmp_stdlib_build_new_28_7985003/build/src-seq/stdio/src/File/fscanl.o for target `seq'[0m
[ 71%] [34m[1mGenerating /home/rhensen/tmp_stdlib_build_new_28_7985003/build/src-seq/stdio/src/File/fscans.o for target `seq'[0m
[ 71%] [34m[1mGenerating /home/rhensen/tmp_stdlib_build_new_28_7985003/build/src-seq/stdio/src/File/fseek.o for target `seq'[0m
[ 72%] [34m[1mGenerating /home/rhensen/tmp_stdlib_build_new_28_7985003/build/src-seq/stdio/src/File/ftell.o for target `seq'[0m
[ 72%] [34m[1mGenerating /home/rhensen/tmp_stdlib_build_new_28_7985003/build/src-seq/stdio/src/File/mkstemp.o for target `seq'[0m
[ 72%] [34m[1mGenerating /home/rhensen/tmp_stdlib_build_new_28_7985003/build/src-seq/stdio/src/File/rewind.o for target `seq'[0m
[ 72%] [34m[1mGenerating /home/rhensen/tmp_stdlib_build_new_28_7985003/build/src-seq/stdio/src/File/rm.o for target `seq'[0m
[ 72%] [34m[1mGenerating /home/rhensen/tmp_stdlib_build_new_28_7985003/build/src-seq/stdio/src/File/ungetc.o for target `seq'[0m
[ 72%] [34m[1mBuilding module `File' for target `seq'[0m
make[3]: Leaving directory '/home/rhensen/tmp_stdlib_build_new_28_7985003/build'
[ 72%] Built target seq-module-File
make[3]: Entering directory '/home/rhensen/tmp_stdlib_build_new_28_7985003/build'
make[3]: Leaving directory '/home/rhensen/tmp_stdlib_build_new_28_7985003/build'
make[3]: Entering directory '/home/rhensen/tmp_stdlib_build_new_28_7985003/build'
[ 73%] [34m[1mBuilding module `Complex' for target `seq'[0m
make[3]: Leaving directory '/home/rhensen/tmp_stdlib_build_new_28_7985003/build'
[ 73%] Built target seq-module-Complex
make[3]: Entering directory '/home/rhensen/tmp_stdlib_build_new_28_7985003/build'
[35m[1mScanning dependencies of target seq-module-StringArray[0m
make[3]: Leaving directory '/home/rhensen/tmp_stdlib_build_new_28_7985003/build'
make[3]: Entering directory '/home/rhensen/tmp_stdlib_build_new_28_7985003/build'
[ 74%] [34m[1mGenerating /home/rhensen/tmp_stdlib_build_new_28_7985003/build/src-seq/structures/src/StringArray/alloc.o for target `seq'[0m
[ 74%] [34m[1mGenerating /home/rhensen/tmp_stdlib_build_new_28_7985003/build/src-seq/structures/src/StringArray/copy.o for target `seq'[0m
[ 74%] [34m[1mGenerating /home/rhensen/tmp_stdlib_build_new_28_7985003/build/src-seq/structures/src/StringArray/dim.o for target `seq'[0m
[ 74%] [34m[1mGenerating /home/rhensen/tmp_stdlib_build_new_28_7985003/build/src-seq/structures/src/StringArray/free.o for target `seq'[0m
[ 75%] [34m[1mGenerating /home/rhensen/tmp_stdlib_build_new_28_7985003/build/src-seq/structures/src/StringArray/genarray.o for target `seq'[0m
[ 75%] [34m[1mGenerating /home/rhensen/tmp_stdlib_build_new_28_7985003/build/src-seq/structures/src/StringArray/index2offset.o for target `seq'[0m
[ 75%] [34m[1mGenerating /home/rhensen/tmp_stdlib_build_new_28_7985003/build/src-seq/structures/src/StringArray/modarray.o for target `seq'[0m
[ 75%] [34m[1mGenerating /home/rhensen/tmp_stdlib_build_new_28_7985003/build/src-seq/structures/src/StringArray/sel.o for target `seq'[0m
[ 75%] [34m[1mGenerating /home/rhensen/tmp_stdlib_build_new_28_7985003/build/src-seq/structures/src/StringArray/shape.o for target `seq'[0m
[ 75%] [34m[1mBuilding module `StringArray' for target `seq'[0m
make[3]: Leaving directory '/home/rhensen/tmp_stdlib_build_new_28_7985003/build'
[ 75%] Built target seq-module-ArrayFormat
make[3]: Entering directory '/home/rhensen/tmp_stdlib_build_new_28_7985003/build'
[35m[1mScanning dependencies of target seq-module-Process[0m
make[3]: Leaving directory '/home/rhensen/tmp_stdlib_build_new_28_7985003/build'
make[3]: Entering directory '/home/rhensen/tmp_stdlib_build_new_28_7985003/build'
[ 75%] [34m[1mGenerating /home/rhensen/tmp_stdlib_build_new_28_7985003/build/src-seq/system/src/Process/pclose.o for target `seq'[0m
[ 75%] [34m[1mGenerating /home/rhensen/tmp_stdlib_build_new_28_7985003/build/src-seq/system/src/Process/process.o for target `seq'[0m
[ 75%] [34m[1mGenerating /home/rhensen/tmp_stdlib_build_new_28_7985003/build/src-seq/system/src/Process/system.o for target `seq'[0m
[ 75%] [34m[1mBuilding module `Process' for target `seq'[0m
make[3]: Leaving directory '/home/rhensen/tmp_stdlib_build_new_28_7985003/build'
[ 75%] Built target seq-module-StringArray
make[3]: Entering directory '/home/rhensen/tmp_stdlib_build_new_28_7985003/build'
make[3]: Leaving directory '/home/rhensen/tmp_stdlib_build_new_28_7985003/build'
make[3]: Leaving directory '/home/rhensen/tmp_stdlib_build_new_28_7985003/build'
make[3]: Entering directory '/home/rhensen/tmp_stdlib_build_new_28_7985003/build'
[ 75%] Built target seq-module-Process
[ 75%] [34m[1mBuilding module `ComplexMath' for target `mt_pth'[0m
make[3]: Entering directory '/home/rhensen/tmp_stdlib_build_new_28_7985003/build'
[35m[1mScanning dependencies of target mt_pth-module-BinFile[0m
make[3]: Leaving directory '/home/rhensen/tmp_stdlib_build_new_28_7985003/build'
make[3]: Entering directory '/home/rhensen/tmp_stdlib_build_new_28_7985003/build'
[ 75%] [34m[1mGenerating /home/rhensen/tmp_stdlib_build_new_28_7985003/build/src-mt_pth/stdio/src/BinFile/binfReadDblArr.o for target `mt_pth'[0m
[ 75%] [34m[1mGenerating /home/rhensen/tmp_stdlib_build_new_28_7985003/build/src-mt_pth/stdio/src/BinFile/binfWriteDblArr.o for target `mt_pth'[0m
[ 75%] [34m[1mGenerating /home/rhensen/tmp_stdlib_build_new_28_7985003/build/src-mt_pth/stdio/src/BinFile/binfclose.o for target `mt_pth'[0m
[ 75%] [34m[1mGenerating /home/rhensen/tmp_stdlib_build_new_28_7985003/build/src-mt_pth/stdio/src/BinFile/binfflags.o for target `mt_pth'[0m
[ 76%] [34m[1mGenerating /home/rhensen/tmp_stdlib_build_new_28_7985003/build/src-mt_pth/stdio/src/BinFile/binfopen.o for target `mt_pth'[0m
[ 77%] [34m[1mBuilding module `BinFile' for target `mt_pth'[0m
make[3]: Leaving directory '/home/rhensen/tmp_stdlib_build_new_28_7985003/build'
[ 77%] Built target mt_pth-module-BinFile
make[3]: Entering directory '/home/rhensen/tmp_stdlib_build_new_28_7985003/build'
[35m[1mScanning dependencies of target mt_pth-module-File[0m
make[3]: Leaving directory '/home/rhensen/tmp_stdlib_build_new_28_7985003/build'
make[3]: Entering directory '/home/rhensen/tmp_stdlib_build_new_28_7985003/build'
[ 77%] [34m[1mGenerating /home/rhensen/tmp_stdlib_build_new_28_7985003/build/src-mt_pth/stdio/src/File/fclose.o for target `mt_pth'[0m
[ 77%] [34m[1mGenerating /home/rhensen/tmp_stdlib_build_new_28_7985003/build/src-mt_pth/stdio/src/File/feof.o for target `mt_pth'[0m
[ 78%] [34m[1mGenerating /home/rhensen/tmp_stdlib_build_new_28_7985003/build/src-mt_pth/stdio/src/File/fflush.o for target `mt_pth'[0m
[ 78%] [34m[1mGenerating /home/rhensen/tmp_stdlib_build_new_28_7985003/build/src-mt_pth/stdio/src/File/fgetc.o for target `mt_pth'[0m
[ 78%] [34m[1mGenerating /home/rhensen/tmp_stdlib_build_new_28_7985003/build/src-mt_pth/stdio/src/File/fopen.o for target `mt_pth'[0m
[ 78%] [34m[1mGenerating /home/rhensen/tmp_stdlib_build_new_28_7985003/build/src-mt_pth/stdio/src/File/fprintf.o for target `mt_pth'[0m
[ 78%] [34m[1mGenerating /home/rhensen/tmp_stdlib_build_new_28_7985003/build/src-mt_pth/stdio/src/File/fputc.o for target `mt_pth'[0m
[ 79%] [34m[1mGenerating /home/rhensen/tmp_stdlib_build_new_28_7985003/build/src-mt_pth/stdio/src/File/fputs.o for target `mt_pth'[0m
[ 79%] [34m[1mGenerating /home/rhensen/tmp_stdlib_build_new_28_7985003/build/src-mt_pth/stdio/src/File/fscanf.o for target `mt_pth'[0m
[ 79%] [34m[1mGenerating /home/rhensen/tmp_stdlib_build_new_28_7985003/build/src-mt_pth/stdio/src/File/fscanl.o for target `mt_pth'[0m
[ 79%] [34m[1mGenerating /home/rhensen/tmp_stdlib_build_new_28_7985003/build/src-mt_pth/stdio/src/File/fscans.o for target `mt_pth'[0m
[ 79%] [34m[1mGenerating /home/rhensen/tmp_stdlib_build_new_28_7985003/build/src-mt_pth/stdio/src/File/fseek.o for target `mt_pth'[0m
[ 80%] [34m[1mGenerating /home/rhensen/tmp_stdlib_build_new_28_7985003/build/src-mt_pth/stdio/src/File/ftell.o for target `mt_pth'[0m
[ 80%] [34m[1mGenerating /home/rhensen/tmp_stdlib_build_new_28_7985003/build/src-mt_pth/stdio/src/File/mkstemp.o for target `mt_pth'[0m
[ 80%] [34m[1mGenerating /home/rhensen/tmp_stdlib_build_new_28_7985003/build/src-mt_pth/stdio/src/File/rewind.o for target `mt_pth'[0m
[ 80%] [34m[1mGenerating /home/rhensen/tmp_stdlib_build_new_28_7985003/build/src-mt_pth/stdio/src/File/rm.o for target `mt_pth'[0m
[ 80%] [34m[1mGenerating /home/rhensen/tmp_stdlib_build_new_28_7985003/build/src-mt_pth/stdio/src/File/ungetc.o for target `mt_pth'[0m
[ 80%] [34m[1mBuilding module `File' for target `mt_pth'[0m
make[3]: Leaving directory '/home/rhensen/tmp_stdlib_build_new_28_7985003/build'
[ 80%] Built target mt_pth-module-ComplexMath
make[3]: Entering directory '/home/rhensen/tmp_stdlib_build_new_28_7985003/build'
make[3]: Leaving directory '/home/rhensen/tmp_stdlib_build_new_28_7985003/build'
make[3]: Entering directory '/home/rhensen/tmp_stdlib_build_new_28_7985003/build'
[ 81%] [34m[1mBuilding module `Numerical' for target `seq'[0m
make[3]: Leaving directory '/home/rhensen/tmp_stdlib_build_new_28_7985003/build'
[ 81%] Built target mt_pth-module-File
make[3]: Entering directory '/home/rhensen/tmp_stdlib_build_new_28_7985003/build'
make[3]: Leaving directory '/home/rhensen/tmp_stdlib_build_new_28_7985003/build'
make[3]: Entering directory '/home/rhensen/tmp_stdlib_build_new_28_7985003/build'
[ 81%] [34m[1mBuilding module `IOresources' for target `seq'[0m
make[3]: Leaving directory '/home/rhensen/tmp_stdlib_build_new_28_7985003/build'
[ 81%] Built target seq-module-Numerical
make[3]: Entering directory '/home/rhensen/tmp_stdlib_build_new_28_7985003/build'
[35m[1mScanning dependencies of target seq-module-ArrayIO[0m
make[3]: Leaving directory '/home/rhensen/tmp_stdlib_build_new_28_7985003/build'
make[3]: Entering directory '/home/rhensen/tmp_stdlib_build_new_28_7985003/build'
[ 81%] [34m[1mBuilding `ArrayIO.sac' from `ArrayIO.xsac' for target `seq'[0m
[ 81%] [34m[1mGenerating /home/rhensen/tmp_stdlib_build_new_28_7985003/build/src-seq/stdio/src/ArrayIO/PrintArray.o for target `seq'[0m
make[3]: Leaving directory '/home/rhensen/tmp_stdlib_build_new_28_7985003/build'
[ 81%] Built target seq-module-IOresources
make[3]: Entering directory '/home/rhensen/tmp_stdlib_build_new_28_7985003/build'
make[3]: Leaving directory '/home/rhensen/tmp_stdlib_build_new_28_7985003/build'
make[3]: Entering directory '/home/rhensen/tmp_stdlib_build_new_28_7985003/build'
[ 81%] [34m[1mBuilding module `Color8' for target `seq'[0m
[ 82%] [34m[1mGenerating /home/rhensen/tmp_stdlib_build_new_28_7985003/build/src-seq/stdio/src/ArrayIO/ShowArray.o for target `seq'[0m
[ 82%] [34m[1mBuilding module `ArrayIO' for target `seq'[0m
make[3]: Leaving directory '/home/rhensen/tmp_stdlib_build_new_28_7985003/build'
[ 82%] Built target seq-module-Color8
make[3]: Entering directory '/home/rhensen/tmp_stdlib_build_new_28_7985003/build'
make[3]: Leaving directory '/home/rhensen/tmp_stdlib_build_new_28_7985003/build'
make[3]: Entering directory '/home/rhensen/tmp_stdlib_build_new_28_7985003/build'
[ 82%] [34m[1mBuilding module `Numerical' for target `mt_pth'[0m
make[3]: Leaving directory '/home/rhensen/tmp_stdlib_build_new_28_7985003/build'
[ 82%] Built target seq-module-ArrayIO
make[3]: Entering directory '/home/rhensen/tmp_stdlib_build_new_28_7985003/build'
make[3]: Leaving directory '/home/rhensen/tmp_stdlib_build_new_28_7985003/build'
make[3]: Entering directory '/home/rhensen/tmp_stdlib_build_new_28_7985003/build'
[ 83%] [34m[1mBuilding module `IOresources' for target `mt_pth'[0m
make[3]: Leaving directory '/home/rhensen/tmp_stdlib_build_new_28_7985003/build'
[ 83%] Built target mt_pth-module-IOresources
make[3]: Entering directory '/home/rhensen/tmp_stdlib_build_new_28_7985003/build'
[35m[1mScanning dependencies of target mt_pth-module-Process[0m
make[3]: Leaving directory '/home/rhensen/tmp_stdlib_build_new_28_7985003/build'
make[3]: Entering directory '/home/rhensen/tmp_stdlib_build_new_28_7985003/build'
[ 83%] [34m[1mGenerating /home/rhensen/tmp_stdlib_build_new_28_7985003/build/src-mt_pth/system/src/Process/pclose.o for target `mt_pth'[0m
[ 83%] [34m[1mGenerating /home/rhensen/tmp_stdlib_build_new_28_7985003/build/src-mt_pth/system/src/Process/process.o for target `mt_pth'[0m
[ 84%] [34m[1mGenerating /home/rhensen/tmp_stdlib_build_new_28_7985003/build/src-mt_pth/system/src/Process/system.o for target `mt_pth'[0m
[ 84%] [34m[1mBuilding module `Process' for target `mt_pth'[0m
make[3]: Leaving directory '/home/rhensen/tmp_stdlib_build_new_28_7985003/build'
[ 84%] Built target mt_pth-module-Numerical
make[3]: Entering directory '/home/rhensen/tmp_stdlib_build_new_28_7985003/build'
make[3]: Leaving directory '/home/rhensen/tmp_stdlib_build_new_28_7985003/build'
make[3]: Entering directory '/home/rhensen/tmp_stdlib_build_new_28_7985003/build'
[ 84%] [34m[1mBuilding `ScalarIO.sac' from `ScalarIO.xsac' for target `seq'[0m
[ 85%] [34m[1mBuilding module `ScalarIO' for target `seq'[0m
make[3]: Leaving directory '/home/rhensen/tmp_stdlib_build_new_28_7985003/build'
[ 85%] Built target mt_pth-module-Process
make[3]: Entering directory '/home/rhensen/tmp_stdlib_build_new_28_7985003/build'
[35m[1mScanning dependencies of target seq-module-ComplexIO[0m
make[3]: Leaving directory '/home/rhensen/tmp_stdlib_build_new_28_7985003/build'
make[3]: Entering directory '/home/rhensen/tmp_stdlib_build_new_28_7985003/build'
[ 85%] [34m[1mGenerating /home/rhensen/tmp_stdlib_build_new_28_7985003/build/src-seq/stdio/src/ComplexIO/PrintComplexArray.o for target `seq'[0m
[ 85%] [34m[1mBuilding module `ComplexIO' for target `seq'[0m
make[3]: Leaving directory '/home/rhensen/tmp_stdlib_build_new_28_7985003/build'
[ 85%] Built target seq-module-ComplexIO
make[3]: Entering directory '/home/rhensen/tmp_stdlib_build_new_28_7985003/build'
[35m[1mScanning dependencies of target seq-module-FibreIO[0m
make[3]: Leaving directory '/home/rhensen/tmp_stdlib_build_new_28_7985003/build'
make[3]: Entering directory '/home/rhensen/tmp_stdlib_build_new_28_7985003/build'
[ 85%] [34m[1mRunning /usr/bin/bison on `/home/rhensen/Stdlib/src/stdio/src/FibreIO/FibreScan.y'[0m
make[3]: Leaving directory '/home/rhensen/tmp_stdlib_build_new_28_7985003/build'
[ 86%] [34m[1mRunning /usr/bin/flex on `/home/rhensen/Stdlib/src/stdio/src/FibreIO/FibreScan.l'[0m
[ 86%] Built target mt_pth-module-ComplexArrayArith
make[3]: Entering directory '/home/rhensen/tmp_stdlib_build_new_28_7985003/build'
make[3]: Leaving directory '/home/rhensen/tmp_stdlib_build_new_28_7985003/build'
make[3]: Entering directory '/home/rhensen/tmp_stdlib_build_new_28_7985003/build'
[ 86%] [34m[1mGenerating /home/rhensen/tmp_stdlib_build_new_28_7985003/build/src-seq/stdio/src/FibreIO/FibrePrint.o for target `seq'[0m
[ 87%] [34m[1mBuilding module `Structures' for target `seq'[0m
[ 88%] [34m[1mGenerating FibreIO Parser for target `seq'[0m
[ 88%] [34m[1mGenerating /home/rhensen/tmp_stdlib_build_new_28_7985003/build/src-seq/stdio/src/FibreIO/ScanDbl.o for target `seq'[0m
[ 88%] [34m[1mGenerating /home/rhensen/tmp_stdlib_build_new_28_7985003/build/src-seq/stdio/src/FibreIO/ScanDblArr.o for target `seq'[0m
[ 88%] [34m[1mGenerating /home/rhensen/tmp_stdlib_build_new_28_7985003/build/src-seq/stdio/src/FibreIO/ScanFlt.o for target `seq'[0m
[ 88%] [34m[1mGenerating /home/rhensen/tmp_stdlib_build_new_28_7985003/build/src-seq/stdio/src/FibreIO/ScanFltArr.o for target `seq'[0m
[ 89%] [34m[1mGenerating /home/rhensen/tmp_stdlib_build_new_28_7985003/build/src-seq/stdio/src/FibreIO/ScanInt.o for target `seq'[0m
[ 89%] [34m[1mGenerating /home/rhensen/tmp_stdlib_build_new_28_7985003/build/src-seq/stdio/src/FibreIO/ScanIntArr.o for target `seq'[0m
[ 89%] [34m[1mGenerating /home/rhensen/tmp_stdlib_build_new_28_7985003/build/src-seq/stdio/src/FibreIO/ScanStringArr.o for target `seq'[0m
[ 89%] [34m[1mGenerating FibreIO Lexer for target `seq'[0m
[ 89%] [34m[1mBuilding module `FibreIO' for target `seq'[0m
make[3]: Leaving directory '/home/rhensen/tmp_stdlib_build_new_28_7985003/build'
[ 89%] Built target seq-module-ScalarIO
make[3]: Entering directory '/home/rhensen/tmp_stdlib_build_new_28_7985003/build'
make[3]: Leaving directory '/home/rhensen/tmp_stdlib_build_new_28_7985003/build'
make[3]: Entering directory '/home/rhensen/tmp_stdlib_build_new_28_7985003/build'
[ 89%] [34m[1mBuilding module `Complex' for target `mt_pth'[0m
make[3]: Leaving directory '/home/rhensen/tmp_stdlib_build_new_28_7985003/build'
[ 89%] Built target seq-module-FibreIO
make[3]: Entering directory '/home/rhensen/tmp_stdlib_build_new_28_7985003/build'
make[3]: Leaving directory '/home/rhensen/tmp_stdlib_build_new_28_7985003/build'
make[3]: Entering directory '/home/rhensen/tmp_stdlib_build_new_28_7985003/build'
[ 90%] [34m[1mBuilding module `ListIO' for target `seq'[0m
make[3]: Leaving directory '/home/rhensen/tmp_stdlib_build_new_28_7985003/build'
[ 90%] Built target mt_pth-module-Complex
make[3]: Entering directory '/home/rhensen/tmp_stdlib_build_new_28_7985003/build'
make[3]: Leaving directory '/home/rhensen/tmp_stdlib_build_new_28_7985003/build'
make[3]: Entering directory '/home/rhensen/tmp_stdlib_build_new_28_7985003/build'
[ 91%] [34m[1mBuilding module `UTrace' for target `seq'[0m
make[3]: Leaving directory '/home/rhensen/tmp_stdlib_build_new_28_7985003/build'
[ 91%] Built target seq-module-ListIO
make[3]: Entering directory '/home/rhensen/tmp_stdlib_build_new_28_7985003/build'
[35m[1mScanning dependencies of target mt_pth-module-ComplexIO[0m
make[3]: Leaving directory '/home/rhensen/tmp_stdlib_build_new_28_7985003/build'
make[3]: Entering directory '/home/rhensen/tmp_stdlib_build_new_28_7985003/build'
[ 92%] [34m[1mGenerating /home/rhensen/tmp_stdlib_build_new_28_7985003/build/src-mt_pth/stdio/src/ComplexIO/PrintComplexArray.o for target `mt_pth'[0m
[ 92%] [34m[1mBuilding module `ComplexIO' for target `mt_pth'[0m
make[3]: Leaving directory '/home/rhensen/tmp_stdlib_build_new_28_7985003/build'
[ 92%] Built target mt_pth-module-ComplexIO
make[3]: Entering directory '/home/rhensen/tmp_stdlib_build_new_28_7985003/build'
make[3]: Leaving directory '/home/rhensen/tmp_stdlib_build_new_28_7985003/build'
make[3]: Entering directory '/home/rhensen/tmp_stdlib_build_new_28_7985003/build'
[ 92%] [34m[1mBuilding module `StdIO' for target `seq'[0m
make[3]: Leaving directory '/home/rhensen/tmp_stdlib_build_new_28_7985003/build'
[ 92%] Built target seq-module-StdIO
make[3]: Entering directory '/home/rhensen/tmp_stdlib_build_new_28_7985003/build'
[35m[1mScanning dependencies of target seq-module-Benchmarking[0m
make[3]: Leaving directory '/home/rhensen/tmp_stdlib_build_new_28_7985003/build'
make[3]: Entering directory '/home/rhensen/tmp_stdlib_build_new_28_7985003/build'
[ 92%] [34m[1mGenerating /home/rhensen/tmp_stdlib_build_new_28_7985003/build/src-seq/auxiliary/src/C99Benchmarking/bench.o for target `seq'[0m
[ 92%] [34m[1mBuilding module `Benchmarking' for target `seq'[0m
make[3]: Leaving directory '/home/rhensen/tmp_stdlib_build_new_28_7985003/build'
[ 92%] Built target seq-module-UTrace
make[3]: Leaving directory '/home/rhensen/tmp_stdlib_build_new_28_7985003/build'
[ 92%] Built target seq-module-Benchmarking
make[3]: Leaving directory '/home/rhensen/tmp_stdlib_build_new_28_7985003/build'
[ 92%] Built target seq-module-Structures
make[3]: Entering directory '/home/rhensen/tmp_stdlib_build_new_28_7985003/build'
make[3]: Leaving directory '/home/rhensen/tmp_stdlib_build_new_28_7985003/build'
[ 92%] Built target seq-all-modules
make[3]: Leaving directory '/home/rhensen/tmp_stdlib_build_new_28_7985003/build'
[ 92%] Built target mt_pth-module-ArrayTransform
make[3]: Entering directory '/home/rhensen/tmp_stdlib_build_new_28_7985003/build'
make[3]: Leaving directory '/home/rhensen/tmp_stdlib_build_new_28_7985003/build'
make[3]: Entering directory '/home/rhensen/tmp_stdlib_build_new_28_7985003/build'
[ 92%] [34m[1mBuilding module `Array' for target `mt_pth'[0m
make[3]: Leaving directory '/home/rhensen/tmp_stdlib_build_new_28_7985003/build'
[ 92%] Built target mt_pth-module-Array
make[3]: Entering directory '/home/rhensen/tmp_stdlib_build_new_28_7985003/build'
make[3]: Entering directory '/home/rhensen/tmp_stdlib_build_new_28_7985003/build'
make[3]: Entering directory '/home/rhensen/tmp_stdlib_build_new_28_7985003/build'
make[3]: Leaving directory '/home/rhensen/tmp_stdlib_build_new_28_7985003/build'
make[3]: Leaving directory '/home/rhensen/tmp_stdlib_build_new_28_7985003/build'
make[3]: Entering directory '/home/rhensen/tmp_stdlib_build_new_28_7985003/build'
make[3]: Entering directory '/home/rhensen/tmp_stdlib_build_new_28_7985003/build'
[ 92%] [34m[1mBuilding module `Color8' for target `mt_pth'[0m
[ 92%] [34m[1mBuilding module `ArrayFormat' for target `mt_pth'[0m
[35m[1mScanning dependencies of target mt_pth-module-StringArray[0m
make[3]: Leaving directory '/home/rhensen/tmp_stdlib_build_new_28_7985003/build'
make[3]: Entering directory '/home/rhensen/tmp_stdlib_build_new_28_7985003/build'
[ 92%] [34m[1mGenerating /home/rhensen/tmp_stdlib_build_new_28_7985003/build/src-mt_pth/structures/src/StringArray/alloc.o for target `mt_pth'[0m
[ 92%] [34m[1mGenerating /home/rhensen/tmp_stdlib_build_new_28_7985003/build/src-mt_pth/structures/src/StringArray/copy.o for target `mt_pth'[0m
[ 92%] [34m[1mGenerating /home/rhensen/tmp_stdlib_build_new_28_7985003/build/src-mt_pth/structures/src/StringArray/dim.o for target `mt_pth'[0m
[ 92%] [34m[1mGenerating /home/rhensen/tmp_stdlib_build_new_28_7985003/build/src-mt_pth/structures/src/StringArray/free.o for target `mt_pth'[0m
[ 93%] [34m[1mGenerating /home/rhensen/tmp_stdlib_build_new_28_7985003/build/src-mt_pth/structures/src/StringArray/index2offset.o for target `mt_pth'[0m
[ 93%] [34m[1mGenerating /home/rhensen/tmp_stdlib_build_new_28_7985003/build/src-mt_pth/structures/src/StringArray/genarray.o for target `mt_pth'[0m
[ 93%] [34m[1mGenerating /home/rhensen/tmp_stdlib_build_new_28_7985003/build/src-mt_pth/structures/src/StringArray/modarray.o for target `mt_pth'[0m
[ 93%] [34m[1mGenerating /home/rhensen/tmp_stdlib_build_new_28_7985003/build/src-mt_pth/structures/src/StringArray/sel.o for target `mt_pth'[0m
[ 93%] [34m[1mGenerating /home/rhensen/tmp_stdlib_build_new_28_7985003/build/src-mt_pth/structures/src/StringArray/shape.o for target `mt_pth'[0m
[ 94%] [34m[1mBuilding module `StringArray' for target `mt_pth'[0m
make[3]: Leaving directory '/home/rhensen/tmp_stdlib_build_new_28_7985003/build'
[ 94%] Built target mt_pth-module-Color8
make[3]: Entering directory '/home/rhensen/tmp_stdlib_build_new_28_7985003/build'
make[3]: Leaving directory '/home/rhensen/tmp_stdlib_build_new_28_7985003/build'
make[3]: Entering directory '/home/rhensen/tmp_stdlib_build_new_28_7985003/build'
[ 95%] [34m[1mBuilding module `Structures' for target `mt_pth'[0m
make[3]: Leaving directory '/home/rhensen/tmp_stdlib_build_new_28_7985003/build'
[ 95%] Built target mt_pth-module-StringArray
make[3]: Entering directory '/home/rhensen/tmp_stdlib_build_new_28_7985003/build'
[35m[1mScanning dependencies of target mt_pth-module-FibreIO[0m
make[3]: Leaving directory '/home/rhensen/tmp_stdlib_build_new_28_7985003/build'
make[3]: Entering directory '/home/rhensen/tmp_stdlib_build_new_28_7985003/build'
[ 96%] [34m[1mRunning /usr/bin/bison on `/home/rhensen/Stdlib/src/stdio/src/FibreIO/FibreScan.y'[0m
[ 96%] [34m[1mRunning /usr/bin/flex on `/home/rhensen/Stdlib/src/stdio/src/FibreIO/FibreScan.l'[0m
[ 97%] [34m[1mGenerating FibreIO Parser for target `mt_pth'[0m
[ 97%] [34m[1mGenerating /home/rhensen/tmp_stdlib_build_new_28_7985003/build/src-mt_pth/stdio/src/FibreIO/FibrePrint.o for target `mt_pth'[0m
[ 97%] [34m[1mGenerating /home/rhensen/tmp_stdlib_build_new_28_7985003/build/src-mt_pth/stdio/src/FibreIO/ScanDbl.o for target `mt_pth'[0m
[ 97%] [34m[1mGenerating /home/rhensen/tmp_stdlib_build_new_28_7985003/build/src-mt_pth/stdio/src/FibreIO/ScanDblArr.o for target `mt_pth'[0m
[ 97%] [34m[1mGenerating /home/rhensen/tmp_stdlib_build_new_28_7985003/build/src-mt_pth/stdio/src/FibreIO/ScanFlt.o for target `mt_pth'[0m
[ 98%] [34m[1mGenerating /home/rhensen/tmp_stdlib_build_new_28_7985003/build/src-mt_pth/stdio/src/FibreIO/ScanFltArr.o for target `mt_pth'[0m
[ 98%] [34m[1mGenerating /home/rhensen/tmp_stdlib_build_new_28_7985003/build/src-mt_pth/stdio/src/FibreIO/ScanInt.o for target `mt_pth'[0m
[ 98%] [34m[1mGenerating /home/rhensen/tmp_stdlib_build_new_28_7985003/build/src-mt_pth/stdio/src/FibreIO/ScanStringArr.o for target `mt_pth'[0m
[ 98%] [34m[1mGenerating /home/rhensen/tmp_stdlib_build_new_28_7985003/build/src-mt_pth/stdio/src/FibreIO/ScanIntArr.o for target `mt_pth'[0m
[ 98%] [34m[1mGenerating FibreIO Lexer for target `mt_pth'[0m
[ 98%] [34m[1mBuilding module `FibreIO' for target `mt_pth'[0m
make[3]: Leaving directory '/home/rhensen/tmp_stdlib_build_new_28_7985003/build'
[ 98%] Built target mt_pth-module-FibreIO
make[3]: Leaving directory '/home/rhensen/tmp_stdlib_build_new_28_7985003/build'
[ 98%] Built target mt_pth-module-ArrayFormat
make[3]: Entering directory '/home/rhensen/tmp_stdlib_build_new_28_7985003/build'
make[3]: Entering directory '/home/rhensen/tmp_stdlib_build_new_28_7985003/build'
make[3]: Leaving directory '/home/rhensen/tmp_stdlib_build_new_28_7985003/build'
make[3]: Entering directory '/home/rhensen/tmp_stdlib_build_new_28_7985003/build'
[35m[1mScanning dependencies of target mt_pth-module-ArrayIO[0m
[ 98%] [34m[1mBuilding `ScalarIO.sac' from `ScalarIO.xsac' for target `mt_pth'[0m
make[3]: Leaving directory '/home/rhensen/tmp_stdlib_build_new_28_7985003/build'
make[3]: Entering directory '/home/rhensen/tmp_stdlib_build_new_28_7985003/build'
[ 99%] [34m[1mBuilding `ArrayIO.sac' from `ArrayIO.xsac' for target `mt_pth'[0m
[ 99%] [34m[1mBuilding module `ScalarIO' for target `mt_pth'[0m
[ 99%] [34m[1mGenerating /home/rhensen/tmp_stdlib_build_new_28_7985003/build/src-mt_pth/stdio/src/ArrayIO/PrintArray.o for target `mt_pth'[0m
[ 99%] [34m[1mGenerating /home/rhensen/tmp_stdlib_build_new_28_7985003/build/src-mt_pth/stdio/src/ArrayIO/ShowArray.o for target `mt_pth'[0m
[ 99%] [34m[1mBuilding module `ArrayIO' for target `mt_pth'[0m
make[3]: Leaving directory '/home/rhensen/tmp_stdlib_build_new_28_7985003/build'
[ 99%] Built target mt_pth-module-ScalarIO
make[3]: Entering directory '/home/rhensen/tmp_stdlib_build_new_28_7985003/build'
make[3]: Leaving directory '/home/rhensen/tmp_stdlib_build_new_28_7985003/build'
make[3]: Entering directory '/home/rhensen/tmp_stdlib_build_new_28_7985003/build'
[100%] [34m[1mBuilding module `ListIO' for target `mt_pth'[0m
make[3]: Leaving directory '/home/rhensen/tmp_stdlib_build_new_28_7985003/build'
[100%] Built target mt_pth-module-ArrayIO
make[3]: Entering directory '/home/rhensen/tmp_stdlib_build_new_28_7985003/build'
make[3]: Leaving directory '/home/rhensen/tmp_stdlib_build_new_28_7985003/build'
make[3]: Entering directory '/home/rhensen/tmp_stdlib_build_new_28_7985003/build'
[100%] [34m[1mBuilding module `UTrace' for target `mt_pth'[0m
make[3]: Leaving directory '/home/rhensen/tmp_stdlib_build_new_28_7985003/build'
[100%] Built target mt_pth-module-ListIO
make[3]: Entering directory '/home/rhensen/tmp_stdlib_build_new_28_7985003/build'
make[3]: Leaving directory '/home/rhensen/tmp_stdlib_build_new_28_7985003/build'
make[3]: Entering directory '/home/rhensen/tmp_stdlib_build_new_28_7985003/build'
[100%] [34m[1mBuilding module `StdIO' for target `mt_pth'[0m
make[3]: Leaving directory '/home/rhensen/tmp_stdlib_build_new_28_7985003/build'
[100%] Built target mt_pth-module-StdIO
make[3]: Entering directory '/home/rhensen/tmp_stdlib_build_new_28_7985003/build'
[35m[1mScanning dependencies of target mt_pth-module-Benchmarking[0m
make[3]: Leaving directory '/home/rhensen/tmp_stdlib_build_new_28_7985003/build'
make[3]: Entering directory '/home/rhensen/tmp_stdlib_build_new_28_7985003/build'
[100%] [34m[1mGenerating /home/rhensen/tmp_stdlib_build_new_28_7985003/build/src-mt_pth/auxiliary/src/C99Benchmarking/bench.o for target `mt_pth'[0m
[100%] [34m[1mBuilding module `Benchmarking' for target `mt_pth'[0m
make[3]: Leaving directory '/home/rhensen/tmp_stdlib_build_new_28_7985003/build'
[100%] Built target mt_pth-module-Benchmarking
make[3]: Leaving directory '/home/rhensen/tmp_stdlib_build_new_28_7985003/build'
[100%] Built target mt_pth-module-Structures
make[3]: Leaving directory '/home/rhensen/tmp_stdlib_build_new_28_7985003/build'
[100%] Built target mt_pth-module-UTrace
make[3]: Entering directory '/home/rhensen/tmp_stdlib_build_new_28_7985003/build'
make[3]: Leaving directory '/home/rhensen/tmp_stdlib_build_new_28_7985003/build'
[100%] Built target mt_pth-all-modules
make[2]: Leaving directory '/home/rhensen/tmp_stdlib_build_new_28_7985003/build'
make[1]: Leaving directory '/home/rhensen/tmp_stdlib_build_new_28_7985003/build'

========================================
Build completed successfully!
Compilation time: 948.048881034 seconds
========================================

Cleaning up temporary build directory...
Job complete. Results saved to /home/rhensen/stdlib-bench-sac/results/stdlib-new-28.csv


###############################################################################
Science Cluster
Job 7985003 for user 'rhensen'
Finished at: Tue Dec 16 13:39:41 CET 2025

Job details:
============

Name                : stdlib-new-28
User                : rhensen
Partition           : csmpi_fpga_long
Nodes               : cn132
Cores               : 4
State               : COMPLETED
Submit              : 2025-12-16T12:36:22
Start               : 2025-12-16T13:23:50
End                 : 2025-12-16T13:39:41
Reserved walltime   : 02:00:00
Used walltime       : 00:15:51
Used CPU time       : 00:44:41 (efficiency: 70.50%)
% User (Computation): 94.26%
% System (I/O)      :  5.74%
Mem reserved        : 14G
Max Mem used        : 4.40G (cn132)
Max Disk Write      : 4.45M (cn132)
Max Disk Read       : 23.32M (cn132)

